"Genre,0, 'Electronic');"
"Genre,1, 'Popular');"
"Genre,2, 'Folk');"
"Genre,3, 'Rap');"
"Genre,4, 'House');"
"Genre,5, 'Rock');"
"Genre,6, 'Musical');"
"Genre,7, 'Punk');"
"Genre,8, 'Classical');"
"Genre,9, 'Salsa');"
"Genre,10, 'Pop');"
"Genre,11, 'Hip Hop');"
"Genre,12, 'Metal');"
"Genre,13, 'Funk');"
"Genre,14, 'Blues');"
"Genre,15, 'Jazz');"
"INSERT INTO public.""MediaType""(""MediaTypeId"", ""Name"")VALUES (0, 'MP3');"
"INSERT INTO public.""MediaType""(""MediaTypeId"", ""Name"")VALUES (1, 'AVI');"
"INSERT INTO public.""MediaType""(""MediaTypeId"", ""Name"")VALUES (2, 'MP4');"
"INSERT INTO public.""MediaType""(""MediaTypeId"", ""Name"")VALUES (3, 'MKV');"
"INSERT INTO public.""MediaType""(""MediaTypeId"", ""Name"")VALUES (4, 'MPEG');"
"INSERT INTO public.""Artist""(""ArtistId"", ""Name"")VALUES (0, 'AC/DC');"
"INSERT INTO public.""Playlist""(""PlaylistId"", ""Name"")VALUES (0,'Joranie' );"
"INSERT INTO public.""Artist""(""ArtistId"", ""Name"")VALUES (1, 'Accept');"
"INSERT INTO public.""Playlist""(""PlaylistId"", ""Name"")VALUES (1,'Jorigo' );"
"INSERT INTO public.""Artist""(""ArtistId"", ""Name"")VALUES (2, 'Aerosmith');"
"INSERT INTO public.""Playlist""(""PlaylistId"", ""Name"")VALUES (2,'Alanie' );"
"INSERT INTO public.""Artist""(""ArtistId"", ""Name"")VALUES (3, 'Alanis Morissette');"
"INSERT INTO public.""Playlist""(""PlaylistId"", ""Name"")VALUES (3,'Saldon' );"
"INSERT INTO public.""Artist""(""ArtistId"", ""Name"")VALUES (4, 'Alice In Chains');"
"INSERT INTO public.""Playlist""(""PlaylistId"", ""Name"")VALUES (4,'Pedrlos' );"
"INSERT INTO public.""Artist""(""ArtistId"", ""Name"")VALUES (5, 'Antônio Carlos Jobim');"
"INSERT INTO public.""Playlist""(""PlaylistId"", ""Name"")VALUES (5,'Pedrlos' );"
"INSERT INTO public.""Artist""(""ArtistId"", ""Name"")VALUES (6, 'Apocalyptica');"
"INSERT INTO public.""Playlist""(""PlaylistId"", ""Name"")VALUES (6,'Melanie' );"
"INSERT INTO public.""Artist""(""ArtistId"", ""Name"")VALUES (7, 'Audioslave');"
"INSERT INTO public.""Playlist""(""PlaylistId"", ""Name"")VALUES (7,'Almon' );"
"INSERT INTO public.""Artist""(""ArtistId"", ""Name"")VALUES (8, 'BackBeat');"
"INSERT INTO public.""Playlist""(""PlaylistId"", ""Name"")VALUES (8,'Sallos' );"
"INSERT INTO public.""Artist""(""ArtistId"", ""Name"")VALUES (9, 'Billy Cobham');"
"INSERT INTO public.""Playlist""(""PlaylistId"", ""Name"")VALUES (9,'Rorddon' );"
"INSERT INTO public.""Artist""(""ArtistId"", ""Name"")VALUES (10, 'Black Label Society');"
"INSERT INTO public.""Playlist""(""PlaylistId"", ""Name"")VALUES (10,'Gerfer' );"
"INSERT INTO public.""Artist""(""ArtistId"", ""Name"")VALUES (11, 'Black Sabbath');"
"INSERT INTO public.""Playlist""(""PlaylistId"", ""Name"")VALUES (11,'Geranie' );"
"INSERT INTO public.""Artist""(""ArtistId"", ""Name"")VALUES (12, 'Body Count');"
"INSERT INTO public.""Playlist""(""PlaylistId"", ""Name"")VALUES (12,'Ferlos' );"
"INSERT INTO public.""Artist""(""ArtistId"", ""Name"")VALUES (13, 'Bruce Dickinson');"
"INSERT INTO public.""Playlist""(""PlaylistId"", ""Name"")VALUES (13,'Sanmon' );"
"INSERT INTO public.""Artist""(""ArtistId"", ""Name"")VALUES (14, 'Buddy Guy');"
"INSERT INTO public.""Playlist""(""PlaylistId"", ""Name"")VALUES (14,'Rordlos' );"
"INSERT INTO public.""Artist""(""ArtistId"", ""Name"")VALUES (15, 'Caetano Veloso');"
"INSERT INTO public.""Playlist""(""PlaylistId"", ""Name"")VALUES (15,'Sandon' );"
"INSERT INTO public.""Artist""(""ArtistId"", ""Name"")VALUES (16, 'Chico Buarque');"
"INSERT INTO public.""Playlist""(""PlaylistId"", ""Name"")VALUES (16,'Luisardo' );"
"INSERT INTO public.""Artist""(""ArtistId"", ""Name"")VALUES (17, 'Djavan');"
"INSERT INTO public.""Playlist""(""PlaylistId"", ""Name"")VALUES (17,'Pedrfer' );"
"INSERT INTO public.""Artist""(""ArtistId"", ""Name"")VALUES (18, 'Eric Clapton');"
"INSERT INTO public.""Playlist""(""PlaylistId"", ""Name"")VALUES (18,'Rordejandra' );"
"INSERT INTO public.""Artist""(""ArtistId"", ""Name"")VALUES (19, 'Faith No More');"
"INSERT INTO public.""Playlist""(""PlaylistId"", ""Name"")VALUES (19,'Brennando' );"
"INSERT INTO public.""Artist""(""ArtistId"", ""Name"")VALUES (20, 'Falamansa');"
"INSERT INTO public.""Playlist""(""PlaylistId"", ""Name"")VALUES (20,'Joriana' );"
"INSERT INTO public.""Artist""(""ArtistId"", ""Name"")VALUES (21, 'Foo Fighters');"
"INSERT INTO public.""Playlist""(""PlaylistId"", ""Name"")VALUES (21,'Meldon' );"
"INSERT INTO public.""Artist""(""ArtistId"", ""Name"")VALUES (22, 'Frank Sinatra');"
"INSERT INTO public.""Playlist""(""PlaylistId"", ""Name"")VALUES (22,'Martiago' );"
"INSERT INTO public.""Artist""(""ArtistId"", ""Name"")VALUES (23, 'Godsmack');"
"INSERT INTO public.""Playlist""(""PlaylistId"", ""Name"")VALUES (23,'Brentiago' );"
"INSERT INTO public.""Artist""(""ArtistId"", ""Name"")VALUES (24, 'Guns N Roses');"
"INSERT INTO public.""Playlist""(""PlaylistId"", ""Name"")VALUES (24,'Ferardo' );"
"INSERT INTO public.""Artist""(""ArtistId"", ""Name"")VALUES (25, 'Incognito');"
"INSERT INTO public.""Playlist""(""PlaylistId"", ""Name"")VALUES (25,'Luislos' );"
"INSERT INTO public.""Artist""(""ArtistId"", ""Name"")VALUES (26, 'Iron Maiden');"
"INSERT INTO public.""Playlist""(""PlaylistId"", ""Name"")VALUES (26,'Meliana' );"
"INSERT INTO public.""Artist""(""ArtistId"", ""Name"")VALUES (27, 'James Brown');"
"INSERT INTO public.""Playlist""(""PlaylistId"", ""Name"")VALUES (27,'Maralita' );"
"INSERT INTO public.""Artist""(""ArtistId"", ""Name"")VALUES (28, 'Jamiroquai');"
"INSERT INTO public.""Playlist""(""PlaylistId"", ""Name"")VALUES (28,'Rordalita' );"
"INSERT INTO public.""Artist""(""ArtistId"", ""Name"")VALUES (29, 'JET');"
"INSERT INTO public.""Playlist""(""PlaylistId"", ""Name"")VALUES (29,'Ferardo' );"
"INSERT INTO public.""Artist""(""ArtistId"", ""Name"")VALUES (30, 'Jimi Hendrix');"
"INSERT INTO public.""Playlist""(""PlaylistId"", ""Name"")VALUES (30,'Marfer' );"
"INSERT INTO public.""Artist""(""ArtistId"", ""Name"")VALUES (31, 'Joe Satriani');"
"INSERT INTO public.""Playlist""(""PlaylistId"", ""Name"")VALUES (31,'Rordlos' );"
"INSERT INTO public.""Artist""(""ArtistId"", ""Name"")VALUES (32, 'Jota Quest');"
"INSERT INTO public.""Playlist""(""PlaylistId"", ""Name"")VALUES (32,'Joseph' );"
"INSERT INTO public.""Artist""(""ArtistId"", ""Name"")VALUES (33, 'João Suplicy');"
"INSERT INTO public.""Playlist""(""PlaylistId"", ""Name"")VALUES (33,'Luisiana' );"
"INSERT INTO public.""Artist""(""ArtistId"", ""Name"")VALUES (34, 'Judas Priest');"
"INSERT INTO public.""Playlist""(""PlaylistId"", ""Name"")VALUES (34,'Josdon' );"
"INSERT INTO public.""Artist""(""ArtistId"", ""Name"")VALUES (35, 'Legião Urbana');"
"INSERT INTO public.""Playlist""(""PlaylistId"", ""Name"")VALUES (35,'Pedrmon' );"
"INSERT INTO public.""Artist""(""ArtistId"", ""Name"")VALUES (36, 'Lenny Kravitz');"
"INSERT INTO public.""Playlist""(""PlaylistId"", ""Name"")VALUES (36,'Sermon' );"
"INSERT INTO public.""Artist""(""ArtistId"", ""Name"")VALUES (37, 'Lulu Santos');"
"INSERT INTO public.""Playlist""(""PlaylistId"", ""Name"")VALUES (37,'Luisigo' );"
"INSERT INTO public.""Artist""(""ArtistId"", ""Name"")VALUES (38, 'Marillion');"
"INSERT INTO public.""Playlist""(""PlaylistId"", ""Name"")VALUES (38,'Geranie' );"
"INSERT INTO public.""Artist""(""ArtistId"", ""Name"")VALUES (39, 'Marisa Monte');"
"INSERT INTO public.""Playlist""(""PlaylistId"", ""Name"")VALUES (39,'Rordnando' );"
"INSERT INTO public.""Artist""(""ArtistId"", ""Name"")VALUES (40, 'Marvin Gaye');"
"INSERT INTO public.""Playlist""(""PlaylistId"", ""Name"")VALUES (40,'Luisfer' );"
"INSERT INTO public.""Artist""(""ArtistId"", ""Name"")VALUES (41, 'Men At Work');"
"INSERT INTO public.""Playlist""(""PlaylistId"", ""Name"")VALUES (41,'Luiseph' );"
"INSERT INTO public.""Artist""(""ArtistId"", ""Name"")VALUES (42, 'Motörhead');"
"INSERT INTO public.""Playlist""(""PlaylistId"", ""Name"")VALUES (42,'Seralita' );"
"INSERT INTO public.""Artist""(""ArtistId"", ""Name"")VALUES (43, 'Motörhead & Girlschool');"
"INSERT INTO public.""Playlist""(""PlaylistId"", ""Name"")VALUES (43,'Jortiago' );"
"INSERT INTO public.""Artist""(""ArtistId"", ""Name"")VALUES (44, 'Mônica Marianno');"
"INSERT INTO public.""Playlist""(""PlaylistId"", ""Name"")VALUES (44,'Rordalita' );"
"INSERT INTO public.""Artist""(""ArtistId"", ""Name"")VALUES (45, 'Mötley Crüe');"
"INSERT INTO public.""Playlist""(""PlaylistId"", ""Name"")VALUES (45,'Pedrtiago' );"
"INSERT INTO public.""Artist""(""ArtistId"", ""Name"")VALUES (46, 'Nirvana');"
"INSERT INTO public.""Playlist""(""PlaylistId"", ""Name"")VALUES (46,'Mellos' );"
"INSERT INTO public.""Artist""(""ArtistId"", ""Name"")VALUES (47, 'O Terço');"
"INSERT INTO public.""Playlist""(""PlaylistId"", ""Name"")VALUES (47,'Sanmon' );"
"INSERT INTO public.""Artist""(""ArtistId"", ""Name"")VALUES (48, 'Olodum');"
"INSERT INTO public.""Playlist""(""PlaylistId"", ""Name"")VALUES (48,'Sanigo' );"
"INSERT INTO public.""Artist""(""ArtistId"", ""Name"")VALUES (49, 'Os Paralamas Do Sucesso');"
"INSERT INTO public.""Playlist""(""PlaylistId"", ""Name"")VALUES (49,'Jorfer' );"
"INSERT INTO public.""Artist""(""ArtistId"", ""Name"")VALUES (50, 'Ozzy Osbourne');"
"INSERT INTO public.""Playlist""(""PlaylistId"", ""Name"")VALUES (50,'Josmon' );"
"INSERT INTO public.""Artist""(""ArtistId"", ""Name"")VALUES (51, 'Philharmonia Orchestra & Sir Neville Marriner');"
"INSERT INTO public.""Playlist""(""PlaylistId"", ""Name"")VALUES (51,'Brenalita' );"
"INSERT INTO public.""Artist""(""ArtistId"", ""Name"")VALUES (52, 'Academy of St. Martin in the Fields, Sir Neville Marriner & Thurston Dart');"
"INSERT INTO public.""Playlist""(""PlaylistId"", ""Name"")VALUES (52,'Brendon' );"
"INSERT INTO public.""Artist""(""ArtistId"", ""Name"")VALUES (53, 'Les Arts Florissants & William Christie');"
"INSERT INTO public.""Playlist""(""PlaylistId"", ""Name"")VALUES (53,'Germon' );"
"INSERT INTO public.""Artist""(""ArtistId"", ""Name"")VALUES (54, 'The 12 Cellists of The Berlin Philharmonic');"
"INSERT INTO public.""Playlist""(""PlaylistId"", ""Name"")VALUES (54,'Rordardo' );"
"INSERT INTO public.""Artist""(""ArtistId"", ""Name"")VALUES (55, 'Adrian Leaper & Doreen de Feis');"
"INSERT INTO public.""Playlist""(""PlaylistId"", ""Name"")VALUES (55,'Rordalita' );"
"INSERT INTO public.""Artist""(""ArtistId"", ""Name"")VALUES (56, 'Roger Norrington, London Classical Players');"
"INSERT INTO public.""Playlist""(""PlaylistId"", ""Name"")VALUES (56,'Aldon' );"
"INSERT INTO public.""Artist""(""ArtistId"", ""Name"")VALUES (57, 'Charles Dutoit & LOrchestre Symphonique de Montréal');"
"INSERT INTO public.""Playlist""(""PlaylistId"", ""Name"")VALUES (57,'Josiana' );"
"INSERT INTO public.""Artist""(""ArtistId"", ""Name"")VALUES (58, 'Equale Brass Ensemble, John Eliot Gardiner & Munich Monteverdi Orchestra and Choir');"
"INSERT INTO public.""Playlist""(""PlaylistId"", ""Name"")VALUES (58,'Josanie' );"
"INSERT INTO public.""Artist""(""ArtistId"", ""Name"")VALUES (59, 'Kent Nagano and Orchestre de lOpéra de Lyon');"
"INSERT INTO public.""Playlist""(""PlaylistId"", ""Name"")VALUES (59,'Jorena' );"
"INSERT INTO public.""Artist""(""ArtistId"", ""Name"")VALUES (60, 'Julian Bream');"
"INSERT INTO public.""Playlist""(""PlaylistId"", ""Name"")VALUES (60,'Josalita' );"
"INSERT INTO public.""Artist""(""ArtistId"", ""Name"")VALUES (61, 'Martin Roscoe');"
"INSERT INTO public.""Playlist""(""PlaylistId"", ""Name"")VALUES (61,'Mariana' );"
"INSERT INTO public.""Artist""(""ArtistId"", ""Name"")VALUES (62, 'Göteborgs Symfoniker & Neeme Järvi');"
"INSERT INTO public.""Playlist""(""PlaylistId"", ""Name"")VALUES (62,'Jorlos' );"
"INSERT INTO public.""Artist""(""ArtistId"", ""Name"")VALUES (63, 'Itzhak Perlman');"
"INSERT INTO public.""Playlist""(""PlaylistId"", ""Name"")VALUES (63,'Luistiago' );"
"INSERT INTO public.""Artist""(""ArtistId"", ""Name"")VALUES (64, 'Michele Campanella');"
"INSERT INTO public.""Playlist""(""PlaylistId"", ""Name"")VALUES (64,'Luislos' );"
"INSERT INTO public.""Artist""(""ArtistId"", ""Name"")VALUES (65, 'Gerald Moore');"
"INSERT INTO public.""Playlist""(""PlaylistId"", ""Name"")VALUES (65,'Sallos' );"
"INSERT INTO public.""Artist""(""ArtistId"", ""Name"")VALUES (66, 'Mela Tenenbaum, Pro Musica Prague & Richard Kapp');"
"INSERT INTO public.""Playlist""(""PlaylistId"", ""Name"")VALUES (66,'Josigo' );"
"INSERT INTO public.""Artist""(""ArtistId"", ""Name"")VALUES (67, 'Emerson String Quartet');"
"INSERT INTO public.""Playlist""(""PlaylistId"", ""Name"")VALUES (67,'Serlos' );"
"INSERT INTO public.""Artist""(""ArtistId"", ""Name"")VALUES (68, 'C. Monteverdi, Nigel Rogers - Chiaroscuro; London Baroque; London Cornett & Sackbu');"
"INSERT INTO public.""Playlist""(""PlaylistId"", ""Name"")VALUES (68,'Rordeph' );"
"INSERT INTO public.""Artist""(""ArtistId"", ""Name"")VALUES (69, 'Nash Ensemble');"
"INSERT INTO public.""Playlist""(""PlaylistId"", ""Name"")VALUES (69,'Marejandra' );"
"INSERT INTO public.""Album""(""AlbumId"", ""Title"", ""ArtistId"")VALUES (0, 'For Those About To Rock We Salute You', '63');"
"INSERT INTO public.""Album""(""AlbumId"", ""Title"", ""ArtistId"")VALUES (1, 'Balls to the Wall', '14');"
"INSERT INTO public.""Album""(""AlbumId"", ""Title"", ""ArtistId"")VALUES (2, 'Restless and Wild', '0');"
"INSERT INTO public.""Album""(""AlbumId"", ""Title"", ""ArtistId"")VALUES (3, 'Let There Be Rock', '36');"
"INSERT INTO public.""Album""(""AlbumId"", ""Title"", ""ArtistId"")VALUES (4, 'Big Ones', '52');"
"INSERT INTO public.""Album""(""AlbumId"", ""Title"", ""ArtistId"")VALUES (5, 'Jagged Little Pill', '7');"
"INSERT INTO public.""Album""(""AlbumId"", ""Title"", ""ArtistId"")VALUES (6, 'Facelift', '58');"
"INSERT INTO public.""Album""(""AlbumId"", ""Title"", ""ArtistId"")VALUES (7, 'Warner 25 Anos', '58');"
"INSERT INTO public.""Album""(""AlbumId"", ""Title"", ""ArtistId"")VALUES (8, 'Plays Metallica By Four Cellos', '23');"
"INSERT INTO public.""Album""(""AlbumId"", ""Title"", ""ArtistId"")VALUES (9, 'Audioslave', '16');"
"INSERT INTO public.""Album""(""AlbumId"", ""Title"", ""ArtistId"")VALUES (10, 'Out Of Exile', '44');"
"INSERT INTO public.""Album""(""AlbumId"", ""Title"", ""ArtistId"")VALUES (11, 'BackBeat Soundtrack', '56');"
"INSERT INTO public.""Album""(""AlbumId"", ""Title"", ""ArtistId"")VALUES (12, 'The Best Of Billy Cobham', '16');"
"INSERT INTO public.""Album""(""AlbumId"", ""Title"", ""ArtistId"")VALUES (13, 'Alcohol Fueled Brewtality Live! [Disc 1]', '25');"
"INSERT INTO public.""Album""(""AlbumId"", ""Title"", ""ArtistId"")VALUES (14, 'Alcohol Fueled Brewtality Live! [Disc 2]', '42');"
"INSERT INTO public.""Album""(""AlbumId"", ""Title"", ""ArtistId"")VALUES (15, 'Black Sabbath', '45');"
"INSERT INTO public.""Album""(""AlbumId"", ""Title"", ""ArtistId"")VALUES (16, 'Black Sabbath Vol. 4 (Remaster)', '37');"
"INSERT INTO public.""Album""(""AlbumId"", ""Title"", ""ArtistId"")VALUES (17, 'Body Count', '27');"
"INSERT INTO public.""Album""(""AlbumId"", ""Title"", ""ArtistId"")VALUES (18, 'Chemical Wedding', '25');"
"INSERT INTO public.""Album""(""AlbumId"", ""Title"", ""ArtistId"")VALUES (19, 'The Best Of Buddy Guy - The Millenium Collection', '19');"
"INSERT INTO public.""Album""(""AlbumId"", ""Title"", ""ArtistId"")VALUES (20, 'Prenda Minha', '48');"
"INSERT INTO public.""Album""(""AlbumId"", ""Title"", ""ArtistId"")VALUES (21, 'Sozinho Remix Ao Vivo', '65');"
"INSERT INTO public.""Album""(""AlbumId"", ""Title"", ""ArtistId"")VALUES (22, 'Minha Historia', '42');"
"INSERT INTO public.""Album""(""AlbumId"", ""Title"", ""ArtistId"")VALUES (23, 'Afrociberdelia', '26');"
"INSERT INTO public.""Album""(""AlbumId"", ""Title"", ""ArtistId"")VALUES (24, 'Da Lama Ao Caos', '16');"
"INSERT INTO public.""Album""(""AlbumId"", ""Title"", ""ArtistId"")VALUES (25, 'Acústico MTV [Live]', '28');"
"INSERT INTO public.""Album""(""AlbumId"", ""Title"", ""ArtistId"")VALUES (26, 'Cidade Negra - Hits', '12');"
"INSERT INTO public.""Album""(""AlbumId"", ""Title"", ""ArtistId"")VALUES (27, 'Na Pista', '3');"
"INSERT INTO public.""Album""(""AlbumId"", ""Title"", ""ArtistId"")VALUES (28, 'Axé Bahia 2001', '33');"
"INSERT INTO public.""Album""(""AlbumId"", ""Title"", ""ArtistId"")VALUES (29, 'BBC Sessions [Disc 1] [Live]', '47');"
"INSERT INTO public.""Album""(""AlbumId"", ""Title"", ""ArtistId"")VALUES (30, 'Bongo Fury', '20');"
"INSERT INTO public.""Album""(""AlbumId"", ""Title"", ""ArtistId"")VALUES (31, 'Carnaval 2001', '42');"
"INSERT INTO public.""Album""(""AlbumId"", ""Title"", ""ArtistId"")VALUES (32, 'Chill: Brazil (Disc 1)', '37');"
"INSERT INTO public.""Album""(""AlbumId"", ""Title"", ""ArtistId"")VALUES (33, 'Chill: Brazil (Disc 2)', '39');"
"INSERT INTO public.""Album""(""AlbumId"", ""Title"", ""ArtistId"")VALUES (34, 'Garage Inc. (Disc 1)', '50');"
"INSERT INTO public.""Album""(""AlbumId"", ""Title"", ""ArtistId"")VALUES (35, 'Greatest Hits II', '11');"
"INSERT INTO public.""Album""(""AlbumId"", ""Title"", ""ArtistId"")VALUES (36, 'Greatest Kiss', '45');"
"INSERT INTO public.""Album""(""AlbumId"", ""Title"", ""ArtistId"")VALUES (37, 'Heart of the Night', '32');"
"INSERT INTO public.""Album""(""AlbumId"", ""Title"", ""ArtistId"")VALUES (38, 'International Superhits', '38');"
"INSERT INTO public.""Album""(""AlbumId"", ""Title"", ""ArtistId"")VALUES (39, 'Into The Light', '65');"
"INSERT INTO public.""Album""(""AlbumId"", ""Title"", ""ArtistId"")VALUES (40, 'Meus Momentos', '64');"
"INSERT INTO public.""Album""(""AlbumId"", ""Title"", ""ArtistId"")VALUES (41, 'Minha História', '21');"
"INSERT INTO public.""Album""(""AlbumId"", ""Title"", ""ArtistId"")VALUES (42, 'MK III The Final Concerts [Disc 1]', '61');"
"INSERT INTO public.""Album""(""AlbumId"", ""Title"", ""ArtistId"")VALUES (43, 'Physical Graffiti [Disc 1]', '4');"
"INSERT INTO public.""Album""(""AlbumId"", ""Title"", ""ArtistId"")VALUES (44, 'Sambas De Enredo 2001', '35');"
"INSERT INTO public.""Album""(""AlbumId"", ""Title"", ""ArtistId"")VALUES (45, 'Supernatural', '52');"
"INSERT INTO public.""Album""(""AlbumId"", ""Title"", ""ArtistId"")VALUES (46, 'The Best of Ed Motta', '56');"
"INSERT INTO public.""Album""(""AlbumId"", ""Title"", ""ArtistId"")VALUES (47, 'The Essential Miles Davis [Disc 1]', '23');"
"INSERT INTO public.""Album""(""AlbumId"", ""Title"", ""ArtistId"")VALUES (48, 'The Essential Miles Davis [Disc 2]', '28');"
"INSERT INTO public.""Album""(""AlbumId"", ""Title"", ""ArtistId"")VALUES (49, 'The Final Concerts (Disc 2)', '45');"
"INSERT INTO public.""Album""(""AlbumId"", ""Title"", ""ArtistId"")VALUES (50, 'Up An Atom', '37');"
"INSERT INTO public.""Album""(""AlbumId"", ""Title"", ""ArtistId"")VALUES (51, 'Vinícius De Moraes - Sem Limite', '69');"
"INSERT INTO public.""Album""(""AlbumId"", ""Title"", ""ArtistId"")VALUES (52, 'Vozes do MPB', '50');"
"INSERT INTO public.""Album""(""AlbumId"", ""Title"", ""ArtistId"")VALUES (53, 'Chronicle, Vol. 1', '16');"
"INSERT INTO public.""Album""(""AlbumId"", ""Title"", ""ArtistId"")VALUES (54, 'Chronicle, Vol. 2', '39');"
"INSERT INTO public.""Album""(""AlbumId"", ""Title"", ""ArtistId"")VALUES (55, 'Cássia Eller - Coleção Sem Limite [Disc 2]', '28');"
"INSERT INTO public.""Album""(""AlbumId"", ""Title"", ""ArtistId"")VALUES (56, 'Cássia Eller - Sem Limite [Disc 1]', '45');"
"INSERT INTO public.""Album""(""AlbumId"", ""Title"", ""ArtistId"")VALUES (57, 'Come Taste The Band', '35');"
"INSERT INTO public.""Album""(""AlbumId"", ""Title"", ""ArtistId"")VALUES (58, 'Deep Purple In Rock', '21');"
"INSERT INTO public.""Album""(""AlbumId"", ""Title"", ""ArtistId"")VALUES (59, 'Fireball', '45');"
"INSERT INTO public.""Album""(""AlbumId"", ""Title"", ""ArtistId"")VALUES (60, 'Knocking at Your Back Door: The Best Of Deep Purple in the 80s', '33');"
"INSERT INTO public.""Album""(""AlbumId"", ""Title"", ""ArtistId"")VALUES (61, 'Machine Head', '67');"
"INSERT INTO public.""Album""(""AlbumId"", ""Title"", ""ArtistId"")VALUES (62, 'Purpendicular', '63');"
"INSERT INTO public.""Album""(""AlbumId"", ""Title"", ""ArtistId"")VALUES (63, 'Slaves And Masters', '4');"
"INSERT INTO public.""Album""(""AlbumId"", ""Title"", ""ArtistId"")VALUES (64, 'Stormbringer', '60');"
"INSERT INTO public.""Album""(""AlbumId"", ""Title"", ""ArtistId"")VALUES (65, 'The Battle Rages On', '69');"
"INSERT INTO public.""Album""(""AlbumId"", ""Title"", ""ArtistId"")VALUES (66, 'Vault: Def Leppards Greatest Hits', '17');"
"INSERT INTO public.""Album""(""AlbumId"", ""Title"", ""ArtistId"")VALUES (67, 'Outbreak', '46');"
"INSERT INTO public.""Album""(""AlbumId"", ""Title"", ""ArtistId"")VALUES (68, 'Djavan Ao Vivo - Vol. 02', '35');"
"INSERT INTO public.""Album""(""AlbumId"", ""Title"", ""ArtistId"")VALUES (69, 'Djavan Ao Vivo - Vol. 1', '9');"
"INSERT INTO public.""Album""(""AlbumId"", ""Title"", ""ArtistId"")VALUES (70, 'Elis Regina-Minha História', '13');"
"INSERT INTO public.""Album""(""AlbumId"", ""Title"", ""ArtistId"")VALUES (71, 'The Cream Of Clapton', '26');"
"INSERT INTO public.""Album""(""AlbumId"", ""Title"", ""ArtistId"")VALUES (72, 'Unplugged', '16');"
"INSERT INTO public.""Album""(""AlbumId"", ""Title"", ""ArtistId"")VALUES (73, 'Album Of The Year', '29');"
"INSERT INTO public.""Album""(""AlbumId"", ""Title"", ""ArtistId"")VALUES (74, 'Angel Dust', '16');"
"INSERT INTO public.""Album""(""AlbumId"", ""Title"", ""ArtistId"")VALUES (75, 'King For A Day Fool For A Lifetime', '3');"
"INSERT INTO public.""Album""(""AlbumId"", ""Title"", ""ArtistId"")VALUES (76, 'The Real Thing', '38');"
"INSERT INTO public.""Album""(""AlbumId"", ""Title"", ""ArtistId"")VALUES (77, 'Deixa Entrar', '49');"
"INSERT INTO public.""Album""(""AlbumId"", ""Title"", ""ArtistId"")VALUES (78, 'In Your Honor [Disc 1]', '40');"
"INSERT INTO public.""Album""(""AlbumId"", ""Title"", ""ArtistId"")VALUES (79, 'In Your Honor [Disc 2]', '49');"
"INSERT INTO public.""Album""(""AlbumId"", ""Title"", ""ArtistId"")VALUES (80, 'One By One', '58');"
"INSERT INTO public.""Album""(""AlbumId"", ""Title"", ""ArtistId"")VALUES (81, 'The Colour And The Shape', '17');"
"INSERT INTO public.""Album""(""AlbumId"", ""Title"", ""ArtistId"")VALUES (82, 'My Way: The Best Of Frank Sinatra [Disc 1]', '42');"
"INSERT INTO public.""Album""(""AlbumId"", ""Title"", ""ArtistId"")VALUES (83, 'Roda De Funk', '22');"
"INSERT INTO public.""Album""(""AlbumId"", ""Title"", ""ArtistId"")VALUES (84, 'As Canções de Eu Tu Eles', '46');"
"INSERT INTO public.""Album""(""AlbumId"", ""Title"", ""ArtistId"")VALUES (85, 'Quanta Gente Veio Ver (Live)', '58');"
"INSERT INTO public.""Album""(""AlbumId"", ""Title"", ""ArtistId"")VALUES (86, 'Quanta Gente Veio ver--Bônus De Carnaval', '61');"
"INSERT INTO public.""Album""(""AlbumId"", ""Title"", ""ArtistId"")VALUES (87, 'Faceless', '1');"
"INSERT INTO public.""Album""(""AlbumId"", ""Title"", ""ArtistId"")VALUES (88, 'American Idiot', '35');"
"INSERT INTO public.""Album""(""AlbumId"", ""Title"", ""ArtistId"")VALUES (89, 'Appetite for Destruction', '41');"
"INSERT INTO public.""Album""(""AlbumId"", ""Title"", ""ArtistId"")VALUES (90, 'Use Your Illusion I', '47');"
"INSERT INTO public.""Album""(""AlbumId"", ""Title"", ""ArtistId"")VALUES (91, 'Use Your Illusion II', '68');"
"INSERT INTO public.""Album""(""AlbumId"", ""Title"", ""ArtistId"")VALUES (92, 'Blue Moods', '55');"
"INSERT INTO public.""Album""(""AlbumId"", ""Title"", ""ArtistId"")VALUES (93, 'A Matter of Life and Death', '1');"
"INSERT INTO public.""Album""(""AlbumId"", ""Title"", ""ArtistId"")VALUES (94, 'A Real Dead One', '51');"
"INSERT INTO public.""Album""(""AlbumId"", ""Title"", ""ArtistId"")VALUES (95, 'A Real Live One', '41');"
"INSERT INTO public.""Album""(""AlbumId"", ""Title"", ""ArtistId"")VALUES (96, 'Brave New World', '4');"
"INSERT INTO public.""Album""(""AlbumId"", ""Title"", ""ArtistId"")VALUES (97, 'Dance Of Death', '14');"
"INSERT INTO public.""Track""(""TrackId"", ""Name"", ""AlbumId"", ""MediaTypeId"", ""GenreId"", ""Composer"", ""Milliseconds"", ""Bytes"", ""UnitPrice"")VALUES ( 0, 'For Those About To Rock (We Salute You)',7, 1, 3, 'Ferlos', '63', 375522, 1.98 );"
"INSERT INTO public.""Employee""(""EmployeeId"", ""LastName"", ""FirstName"", ""Title"", ""ReportsTo"", ""BirthDate"", ""HireDate"", ""Address"", ""City"", ""State"", ""Country"", ""PostalCode"", ""Phone"", ""Fax"", ""Email"")VALUES (0, 'Melnando', 'Melardo', 'Destroyer Food', 0, '19-9-1970', NOW(), '14-33 zona 14', '4', '2', 'Guatemala'  , '0410', '71636667', '08758081', 'Luisfer@reddit.com');"
"INSERT INTO public.""Track""(""TrackId"", ""Name"", ""AlbumId"", ""MediaTypeId"", ""GenreId"", ""Composer"", ""Milliseconds"", ""Bytes"", ""UnitPrice"")VALUES ( 1, 'Balls to the Wall',90, 4, 0, 'Melnando', '128', 375119, 1.98 );"
"INSERT INTO public.""Employee""(""EmployeeId"", ""LastName"", ""FirstName"", ""Title"", ""ReportsTo"", ""BirthDate"", ""HireDate"", ""Address"", ""City"", ""State"", ""Country"", ""PostalCode"", ""Phone"", ""Fax"", ""Email"")VALUES (1, 'Melalita', 'Rordmon', 'Pure Solitude', 1, '17-10-1990', NOW(), '13-34 zona 3', '8', '5', 'Guatemala'  , '4487', '71807510', '23411448', 'Sananie@yahoo.com');"
"INSERT INTO public.""Track""(""TrackId"", ""Name"", ""AlbumId"", ""MediaTypeId"", ""GenreId"", ""Composer"", ""Milliseconds"", ""Bytes"", ""UnitPrice"")VALUES ( 2, 'Fast As a Shark',31, 4, 6, 'Joranie', '65', 375047, 1.98 );"
"INSERT INTO public.""Employee""(""EmployeeId"", ""LastName"", ""FirstName"", ""Title"", ""ReportsTo"", ""BirthDate"", ""HireDate"", ""Address"", ""City"", ""State"", ""Country"", ""PostalCode"", ""Phone"", ""Fax"", ""Email"")VALUES (2, 'Germon', 'Rordtiago', 'Homeless Grownup', 2, '25-9-1977', NOW(), '18-34 zona 2', '9', '8', 'Guatemala'  , '6508', '42158326', '83728652', 'Brenardo@hotmail.com');"
"INSERT INTO public.""Track""(""TrackId"", ""Name"", ""AlbumId"", ""MediaTypeId"", ""GenreId"", ""Composer"", ""Milliseconds"", ""Bytes"", ""UnitPrice"")VALUES ( 3, 'Restless and Wild',33, 4, 6, 'Sannando', '88', 375586, 1.98 );"
"INSERT INTO public.""Employee""(""EmployeeId"", ""LastName"", ""FirstName"", ""Title"", ""ReportsTo"", ""BirthDate"", ""HireDate"", ""Address"", ""City"", ""State"", ""Country"", ""PostalCode"", ""Phone"", ""Fax"", ""Email"")VALUES (3, 'Joseph', 'Alnando', 'Galaxy Glass', 3, '27-8-1996', NOW(), '23-35 zona 2', '5', '2', 'Guatemala'  , '6180', '08282841', '78210267', 'Luisiana@hotmail.com');"
"INSERT INTO public.""Track""(""TrackId"", ""Name"", ""AlbumId"", ""MediaTypeId"", ""GenreId"", ""Composer"", ""Milliseconds"", ""Bytes"", ""UnitPrice"")VALUES ( 4, 'Princess of the Dawn',26, 3, 13, 'Melanie', '97', 375941, 3.96 );"
"INSERT INTO public.""Employee""(""EmployeeId"", ""LastName"", ""FirstName"", ""Title"", ""ReportsTo"", ""BirthDate"", ""HireDate"", ""Address"", ""City"", ""State"", ""Country"", ""PostalCode"", ""Phone"", ""Fax"", ""Email"")VALUES (4, 'Marlos', 'Pedrardo', 'Grownup Pure', 4, '22-2-1991', NOW(), '12-31 zona 12', '10', '8', 'Guatemala'  , '4667', '23645734', '06525625', 'Luisena@yahoo.com');"
"INSERT INTO public.""Track""(""TrackId"", ""Name"", ""AlbumId"", ""MediaTypeId"", ""GenreId"", ""Composer"", ""Milliseconds"", ""Bytes"", ""UnitPrice"")VALUES ( 5, 'Put The Finger On You',1, 2, 12, 'Sanmon', '102', 375499, 3.96 );"
"INSERT INTO public.""Employee""(""EmployeeId"", ""LastName"", ""FirstName"", ""Title"", ""ReportsTo"", ""BirthDate"", ""HireDate"", ""Address"", ""City"", ""State"", ""Country"", ""PostalCode"", ""Phone"", ""Fax"", ""Email"")VALUES (5, 'Pedrfer', 'Sanigo', 'Ugly Nice', 5, '19-1-1973', NOW(), '22-32 zona 3', '7', '4', 'Guatemala'  , '2880', '48568286', '08221072', 'Melmon@yahoo.com');"
"INSERT INTO public.""Track""(""TrackId"", ""Name"", ""AlbumId"", ""MediaTypeId"", ""GenreId"", ""Composer"", ""Milliseconds"", ""Bytes"", ""UnitPrice"")VALUES ( 6, 'Lets Get It Up',76, 3, 9, 'Rordnando', '113', 375403, 0.99 );"
"INSERT INTO public.""Employee""(""EmployeeId"", ""LastName"", ""FirstName"", ""Title"", ""ReportsTo"", ""BirthDate"", ""HireDate"", ""Address"", ""City"", ""State"", ""Country"", ""PostalCode"", ""Phone"", ""Fax"", ""Email"")VALUES (6, 'Seriana', 'Alnando', 'Nice Galaxy', 6, '13-1-1985', NOW(), '23-37 zona 10', '5', '2', 'Guatemala'  , '0745', '65626723', '68271138', 'Josena@yahoo.com');"
"INSERT INTO public.""Track""(""TrackId"", ""Name"", ""AlbumId"", ""MediaTypeId"", ""GenreId"", ""Composer"", ""Milliseconds"", ""Bytes"", ""UnitPrice"")VALUES ( 7, 'Inject The Venom',85, 4, 4, 'Luisejandra', '116', 375999, 0.99 );"
"INSERT INTO public.""Employee""(""EmployeeId"", ""LastName"", ""FirstName"", ""Title"", ""ReportsTo"", ""BirthDate"", ""HireDate"", ""Address"", ""City"", ""State"", ""Country"", ""PostalCode"", ""Phone"", ""Fax"", ""Email"")VALUES (7, 'Aliana', 'Gertiago', 'Final Women', 7, '16-11-1979', NOW(), '14-33 zona 15', '0', '2', 'Guatemala'  , '6234', '23616238', '35340617', 'Brendon@gmail.com');"
"INSERT INTO public.""Track""(""TrackId"", ""Name"", ""AlbumId"", ""MediaTypeId"", ""GenreId"", ""Composer"", ""Milliseconds"", ""Bytes"", ""UnitPrice"")VALUES ( 8, 'Snowballed',57, 4, 8, 'Sertiago', '79', 375038, 1.98 );"
"INSERT INTO public.""Employee""(""EmployeeId"", ""LastName"", ""FirstName"", ""Title"", ""ReportsTo"", ""BirthDate"", ""HireDate"", ""Address"", ""City"", ""State"", ""Country"", ""PostalCode"", ""Phone"", ""Fax"", ""Email"")VALUES (8, 'Sandon', 'Luisena', 'House Galaxy', 8, '8-10-1970', NOW(), '12-31 zona 15', '3', '5', 'Guatemala'  , '3633', '11650377', '48726150', 'Seranie@hotmail.com');"
"INSERT INTO public.""Track""(""TrackId"", ""Name"", ""AlbumId"", ""MediaTypeId"", ""GenreId"", ""Composer"", ""Milliseconds"", ""Bytes"", ""UnitPrice"")VALUES ( 9, 'Evil Walks',2, 2, 14, 'Sanmon', '70', 375826, 0.99 );"
"INSERT INTO public.""Employee""(""EmployeeId"", ""LastName"", ""FirstName"", ""Title"", ""ReportsTo"", ""BirthDate"", ""HireDate"", ""Address"", ""City"", ""State"", ""Country"", ""PostalCode"", ""Phone"", ""Fax"", ""Email"")VALUES (9, 'Luislos', 'Sanena', 'Final Tree', 9, '21-5-1973', NOW(), '11-35 zona 14', '1', '2', 'Guatemala'  , '0150', '81367657', '72207553', 'Jorigo@yahoo.com');"
"INSERT INTO public.""Track""(""TrackId"", ""Name"", ""AlbumId"", ""MediaTypeId"", ""GenreId"", ""Composer"", ""Milliseconds"", ""Bytes"", ""UnitPrice"")VALUES ( 10, 'C.O.D.',39, 0, 13, 'Melanie', '142', 375849, 3.96 );"
"INSERT INTO public.""Employee""(""EmployeeId"", ""LastName"", ""FirstName"", ""Title"", ""ReportsTo"", ""BirthDate"", ""HireDate"", ""Address"", ""City"", ""State"", ""Country"", ""PostalCode"", ""Phone"", ""Fax"", ""Email"")VALUES (10, 'Melmon', 'Brenanie', 'Showdown Food', 10, '18-11-1999', NOW(), '14-32 zona 2', '1', '8', 'Guatemala'  , '6810', '40311414', '83444123', 'Seralita@hotmail.com');"
"INSERT INTO public.""Track""(""TrackId"", ""Name"", ""AlbumId"", ""MediaTypeId"", ""GenreId"", ""Composer"", ""Milliseconds"", ""Bytes"", ""UnitPrice"")VALUES ( 11, 'Breaking The Rules',14, 0, 3, 'Sandon', '108', 375920, 2.9699999999999998 );"
"INSERT INTO public.""Employee""(""EmployeeId"", ""LastName"", ""FirstName"", ""Title"", ""ReportsTo"", ""BirthDate"", ""HireDate"", ""Address"", ""City"", ""State"", ""Country"", ""PostalCode"", ""Phone"", ""Fax"", ""Email"")VALUES (11, 'Geranie', 'Josena', 'Wars Ugly', 11, '11-7-1975', NOW(), '23-37 zona 2', '5', '3', 'Guatemala'  , '3511', '43573462', '62604765', 'Melnando@reddit.com');"
"INSERT INTO public.""Track""(""TrackId"", ""Name"", ""AlbumId"", ""MediaTypeId"", ""GenreId"", ""Composer"", ""Milliseconds"", ""Bytes"", ""UnitPrice"")VALUES ( 12, 'Night Of The Long Knives',51, 0, 9, 'Salmon', '96', 375788, 3.96 );"
"INSERT INTO public.""Employee""(""EmployeeId"", ""LastName"", ""FirstName"", ""Title"", ""ReportsTo"", ""BirthDate"", ""HireDate"", ""Address"", ""City"", ""State"", ""Country"", ""PostalCode"", ""Phone"", ""Fax"", ""Email"")VALUES (12, 'Brenardo', 'Ferardo', 'Grownup Ugly', 12, '15-11-1998', NOW(), '15-37 zona 6', '10', '7', 'Guatemala'  , '4248', '25138546', '18528051', 'Alardo@gmail.com');"
"INSERT INTO public.""Track""(""TrackId"", ""Name"", ""AlbumId"", ""MediaTypeId"", ""GenreId"", ""Composer"", ""Milliseconds"", ""Bytes"", ""UnitPrice"")VALUES ( 13, 'Spellbound',10, 1, 7, 'Josanie', '138', 375081, 0.99 );"
"INSERT INTO public.""Employee""(""EmployeeId"", ""LastName"", ""FirstName"", ""Title"", ""ReportsTo"", ""BirthDate"", ""HireDate"", ""Address"", ""City"", ""State"", ""Country"", ""PostalCode"", ""Phone"", ""Fax"", ""Email"")VALUES (13, 'Maralita', 'Aliana', 'Wars Chicken', 13, '1-8-1987', NOW(), '21-32 zona 15', '6', '8', 'Guatemala'  , '2682', '01435210', '56434247', 'Sertiago@yahoo.com');"
"INSERT INTO public.""Track""(""TrackId"", ""Name"", ""AlbumId"", ""MediaTypeId"", ""GenreId"", ""Composer"", ""Milliseconds"", ""Bytes"", ""UnitPrice"")VALUES ( 14, 'Go Down',97, 0, 14, 'Luisejandra', '103', 375095, 3.96 );"
"INSERT INTO public.""Employee""(""EmployeeId"", ""LastName"", ""FirstName"", ""Title"", ""ReportsTo"", ""BirthDate"", ""HireDate"", ""Address"", ""City"", ""State"", ""Country"", ""PostalCode"", ""Phone"", ""Fax"", ""Email"")VALUES (14, 'Brenejandra', 'Pedrena', 'Wars Wars', 14, '12-2-1992', NOW(), '19-34 zona 2', '4', '4', 'Guatemala'  , '2257', '58506351', '25528277', 'Rordigo@reddit.com');"
"INSERT INTO public.""Track""(""TrackId"", ""Name"", ""AlbumId"", ""MediaTypeId"", ""GenreId"", ""Composer"", ""Milliseconds"", ""Bytes"", ""UnitPrice"")VALUES ( 15, 'Dog Eat Dog',86, 3, 4, 'Marfer', '88', 375526, 0.99 );"
"INSERT INTO public.""Employee""(""EmployeeId"", ""LastName"", ""FirstName"", ""Title"", ""ReportsTo"", ""BirthDate"", ""HireDate"", ""Address"", ""City"", ""State"", ""Country"", ""PostalCode"", ""Phone"", ""Fax"", ""Email"")VALUES (15, 'Sannando', 'Josiana', 'Monster Men', 15, '12-4-1974', NOW(), '15-37 zona 14', '10', '7', 'Guatemala'  , '5134', '84561023', '31217612', 'Serfer@gmail.com');"
"INSERT INTO public.""Track""(""TrackId"", ""Name"", ""AlbumId"", ""MediaTypeId"", ""GenreId"", ""Composer"", ""Milliseconds"", ""Bytes"", ""UnitPrice"")VALUES ( 16, 'Let There Be Rock',28, 4, 7, 'Rordigo', '111', 375442, 3.96 );"
"INSERT INTO public.""Employee""(""EmployeeId"", ""LastName"", ""FirstName"", ""Title"", ""ReportsTo"", ""BirthDate"", ""HireDate"", ""Address"", ""City"", ""State"", ""Country"", ""PostalCode"", ""Phone"", ""Fax"", ""Email"")VALUES (16, 'Marardo', 'Meldon', 'Chicken Manly', 16, '5-11-1978', NOW(), '20-35 zona 4', '9', '6', 'Guatemala'  , '4654', '37006451', '85321084', 'Melardo@gmail.com');"
"INSERT INTO public.""Track""(""TrackId"", ""Name"", ""AlbumId"", ""MediaTypeId"", ""GenreId"", ""Composer"", ""Milliseconds"", ""Bytes"", ""UnitPrice"")VALUES ( 17, 'Bad Boy Boogie',50, 2, 8, 'Melardo', '63', 375250, 2.9699999999999998 );"
"INSERT INTO public.""Employee""(""EmployeeId"", ""LastName"", ""FirstName"", ""Title"", ""ReportsTo"", ""BirthDate"", ""HireDate"", ""Address"", ""City"", ""State"", ""Country"", ""PostalCode"", ""Phone"", ""Fax"", ""Email"")VALUES (17, 'Gerigo', 'Sanmon', 'Final Women', 17, '10-5-1978', NOW(), '13-32 zona 15', '4', '8', 'Guatemala'  , '7564', '15073632', '08475874', 'Mellos@gmail.com');"
"INSERT INTO public.""Track""(""TrackId"", ""Name"", ""AlbumId"", ""MediaTypeId"", ""GenreId"", ""Composer"", ""Milliseconds"", ""Bytes"", ""UnitPrice"")VALUES ( 18, 'Problem Child',19, 2, 10, 'Melalita', '121', 375774, 1.98 );"
"INSERT INTO public.""Employee""(""EmployeeId"", ""LastName"", ""FirstName"", ""Title"", ""ReportsTo"", ""BirthDate"", ""HireDate"", ""Address"", ""City"", ""State"", ""Country"", ""PostalCode"", ""Phone"", ""Fax"", ""Email"")VALUES (18, 'Serejandra', 'Ferigo', 'Pure Showdown', 18, '17-5-1976', NOW(), '22-35 zona 3', '9', '9', 'Guatemala'  , '0781', '63380622', '52051541', 'Saneph@reddit.com');"
"INSERT INTO public.""Track""(""TrackId"", ""Name"", ""AlbumId"", ""MediaTypeId"", ""GenreId"", ""Composer"", ""Milliseconds"", ""Bytes"", ""UnitPrice"")VALUES ( 19, 'Overdose',51, 0, 5, 'Seriana', '97', 375563, 2.9699999999999998 );"
"INSERT INTO public.""Employee""(""EmployeeId"", ""LastName"", ""FirstName"", ""Title"", ""ReportsTo"", ""BirthDate"", ""HireDate"", ""Address"", ""City"", ""State"", ""Country"", ""PostalCode"", ""Phone"", ""Fax"", ""Email"")VALUES (19, 'Pedrardo', 'Melena', 'Men Galaxy', 19, '27-8-1981', NOW(), '15-35 zona 9', '5', '3', 'Guatemala'  , '2876', '66738121', '37834112', 'Rordejandra@hotmail.com');"
"INSERT INTO public.""Track""(""TrackId"", ""Name"", ""AlbumId"", ""MediaTypeId"", ""GenreId"", ""Composer"", ""Milliseconds"", ""Bytes"", ""UnitPrice"")VALUES ( 20, 'Hell Aint A Bad Place To Be',87, 0, 3, 'Gernando', '143', 375435, 2.9699999999999998 );"
"INSERT INTO public.""Employee""(""EmployeeId"", ""LastName"", ""FirstName"", ""Title"", ""ReportsTo"", ""BirthDate"", ""HireDate"", ""Address"", ""City"", ""State"", ""Country"", ""PostalCode"", ""Phone"", ""Fax"", ""Email"")VALUES (20, 'Brennando', 'Saltiago', 'Monster Carl', 20, '17-3-1979', NOW(), '18-35 zona 8', '0', '0', 'Guatemala'  , '2648', '31522835', '32027336', 'Sermon@gmail.com');"
"INSERT INTO public.""Track""(""TrackId"", ""Name"", ""AlbumId"", ""MediaTypeId"", ""GenreId"", ""Composer"", ""Milliseconds"", ""Bytes"", ""UnitPrice"")VALUES ( 21, 'Whole Lotta Rosie',63, 2, 13, 'Melfer', '131', 375247, 3.96 );"
"INSERT INTO public.""Employee""(""EmployeeId"", ""LastName"", ""FirstName"", ""Title"", ""ReportsTo"", ""BirthDate"", ""HireDate"", ""Address"", ""City"", ""State"", ""Country"", ""PostalCode"", ""Phone"", ""Fax"", ""Email"")VALUES (21, 'Serfer', 'Maranie', 'House Dispair', 21, '27-11-1984', NOW(), '16-35 zona 11', '3', '1', 'Guatemala'  , '3432', '50025547', '74466424', 'Saniana@reddit.com');"
"INSERT INTO public.""Track""(""TrackId"", ""Name"", ""AlbumId"", ""MediaTypeId"", ""GenreId"", ""Composer"", ""Milliseconds"", ""Bytes"", ""UnitPrice"")VALUES ( 22, 'Walk On Water',55, 2, 15, 'Serigo', '73', 375445, 2.9699999999999998 );"
"INSERT INTO public.""Employee""(""EmployeeId"", ""LastName"", ""FirstName"", ""Title"", ""ReportsTo"", ""BirthDate"", ""HireDate"", ""Address"", ""City"", ""State"", ""Country"", ""PostalCode"", ""Phone"", ""Fax"", ""Email"")VALUES (22, 'Sanigo', 'Pedrena', 'Wars Ugly', 22, '17-10-1999', NOW(), '12-30 zona 2', '6', '5', 'Guatemala'  , '0431', '45054187', '40587517', 'Josiana@yahoo.com');"
"INSERT INTO public.""Track""(""TrackId"", ""Name"", ""AlbumId"", ""MediaTypeId"", ""GenreId"", ""Composer"", ""Milliseconds"", ""Bytes"", ""UnitPrice"")VALUES ( 23, 'Love In An Elevator',74, 3, 8, 'Salalita', '117', 375859, 1.98 );"
"INSERT INTO public.""Employee""(""EmployeeId"", ""LastName"", ""FirstName"", ""Title"", ""ReportsTo"", ""BirthDate"", ""HireDate"", ""Address"", ""City"", ""State"", ""Country"", ""PostalCode"", ""Phone"", ""Fax"", ""Email"")VALUES (23, 'Josena', 'Jostiago', 'Men Monster', 23, '7-6-1976', NOW(), '13-31 zona 13', '11', '5', 'Guatemala'  , '6875', '01617025', '71725255', 'Pedrmon@yahoo.com');"
"INSERT INTO public.""Track""(""TrackId"", ""Name"", ""AlbumId"", ""MediaTypeId"", ""GenreId"", ""Composer"", ""Milliseconds"", ""Bytes"", ""UnitPrice"")VALUES ( 24, 'Rag Doll',24, 3, 0, 'Salfer', '60', 375977, 0.99 );"
"INSERT INTO public.""Employee""(""EmployeeId"", ""LastName"", ""FirstName"", ""Title"", ""ReportsTo"", ""BirthDate"", ""HireDate"", ""Address"", ""City"", ""State"", ""Country"", ""PostalCode"", ""Phone"", ""Fax"", ""Email"")VALUES (24, 'Pedrmon', 'Serfer', 'Carl Glass', 24, '8-5-1992', NOW(), '24-35 zona 3', '0', '0', 'Guatemala'  , '2456', '00382853', '44247725', 'Luisiana@hotmail.com');"
"INSERT INTO public.""Track""(""TrackId"", ""Name"", ""AlbumId"", ""MediaTypeId"", ""GenreId"", ""Composer"", ""Milliseconds"", ""Bytes"", ""UnitPrice"")VALUES ( 25, 'What It Takes',78, 3, 8, 'Seranie', '136', 375510, 2.9699999999999998 );"
"INSERT INTO public.""Employee""(""EmployeeId"", ""LastName"", ""FirstName"", ""Title"", ""ReportsTo"", ""BirthDate"", ""HireDate"", ""Address"", ""City"", ""State"", ""Country"", ""PostalCode"", ""Phone"", ""Fax"", ""Email"")VALUES (25, 'Saldon', 'Brenejandra', 'Glass Food', 25, '10-1-1973', NOW(), '16-33 zona 10', '10', '0', 'Guatemala'  , '6535', '77272751', '21102227', 'Sanalita@hotmail.com');"
"INSERT INTO public.""Track""(""TrackId"", ""Name"", ""AlbumId"", ""MediaTypeId"", ""GenreId"", ""Composer"", ""Milliseconds"", ""Bytes"", ""UnitPrice"")VALUES ( 26, 'Dude (Looks Like A Lady)',86, 3, 2, 'Sandon', '98', 375617, 1.98 );"
"INSERT INTO public.""Employee""(""EmployeeId"", ""LastName"", ""FirstName"", ""Title"", ""ReportsTo"", ""BirthDate"", ""HireDate"", ""Address"", ""City"", ""State"", ""Country"", ""PostalCode"", ""Phone"", ""Fax"", ""Email"")VALUES (26, 'Melmon', 'Brenlos', 'Nice Women', 26, '2-11-1997', NOW(), '14-32 zona 6', '3', '8', 'Guatemala'  , '1534', '14807636', '33048610', 'Pedrfer@yahoo.com');"
"INSERT INTO public.""Track""(""TrackId"", ""Name"", ""AlbumId"", ""MediaTypeId"", ""GenreId"", ""Composer"", ""Milliseconds"", ""Bytes"", ""UnitPrice"")VALUES ( 27, 'Janies Got A Gun',86, 0, 12, 'Feranie', '60', 375268, 3.96 );"
"INSERT INTO public.""Employee""(""EmployeeId"", ""LastName"", ""FirstName"", ""Title"", ""ReportsTo"", ""BirthDate"", ""HireDate"", ""Address"", ""City"", ""State"", ""Country"", ""PostalCode"", ""Phone"", ""Fax"", ""Email"")VALUES (27, 'Pedrnando', 'Seranie', 'Women Showdown', 27, '15-5-1994', NOW(), '15-33 zona 5', '9', '4', 'Guatemala'  , '8714', '35260708', '25230814', 'Aliana@hotmail.com');"
"INSERT INTO public.""Track""(""TrackId"", ""Name"", ""AlbumId"", ""MediaTypeId"", ""GenreId"", ""Composer"", ""Milliseconds"", ""Bytes"", ""UnitPrice"")VALUES ( 28, 'Cryin',32, 4, 4, 'Jorejandra', '113', 375343, 2.9699999999999998 );"
"INSERT INTO public.""Employee""(""EmployeeId"", ""LastName"", ""FirstName"", ""Title"", ""ReportsTo"", ""BirthDate"", ""HireDate"", ""Address"", ""City"", ""State"", ""Country"", ""PostalCode"", ""Phone"", ""Fax"", ""Email"")VALUES (28, 'Mareph', 'Santiago', 'Monster Solitude', 28, '28-9-1990', NOW(), '21-34 zona 14', '5', '5', 'Guatemala'  , '2347', '47413033', '03485877', 'Meltiago@hotmail.com');"
"INSERT INTO public.""Track""(""TrackId"", ""Name"", ""AlbumId"", ""MediaTypeId"", ""GenreId"", ""Composer"", ""Milliseconds"", ""Bytes"", ""UnitPrice"")VALUES ( 29, 'Amazing',94, 3, 1, 'Sanalita', '159', 375085, 2.9699999999999998 );"
"INSERT INTO public.""Employee""(""EmployeeId"", ""LastName"", ""FirstName"", ""Title"", ""ReportsTo"", ""BirthDate"", ""HireDate"", ""Address"", ""City"", ""State"", ""Country"", ""PostalCode"", ""Phone"", ""Fax"", ""Email"")VALUES (29, 'Marardo', 'Jorfer', 'House Galaxy', 29, '23-5-1999', NOW(), '15-30 zona 13', '3', '9', 'Guatemala'  , '4420', '53735511', '42741308', 'Rordfer@gmail.com');"
"INSERT INTO public.""Track""(""TrackId"", ""Name"", ""AlbumId"", ""MediaTypeId"", ""GenreId"", ""Composer"", ""Milliseconds"", ""Bytes"", ""UnitPrice"")VALUES ( 30, 'Blind Man',35, 1, 2, 'Sernando', '133', 375271, 2.9699999999999998 );"
"INSERT INTO public.""Employee""(""EmployeeId"", ""LastName"", ""FirstName"", ""Title"", ""ReportsTo"", ""BirthDate"", ""HireDate"", ""Address"", ""City"", ""State"", ""Country"", ""PostalCode"", ""Phone"", ""Fax"", ""Email"")VALUES (30, 'Luismon', 'Pedrtiago', 'Galaxy Chicken', 30, '9-5-1995', NOW(), '17-36 zona 11', '11', '6', 'Guatemala'  , '0551', '27730361', '11325475', 'Germon@gmail.com');"
"INSERT INTO public.""Track""(""TrackId"", ""Name"", ""AlbumId"", ""MediaTypeId"", ""GenreId"", ""Composer"", ""Milliseconds"", ""Bytes"", ""UnitPrice"")VALUES ( 31, 'Deuces Are Wild',35, 3, 12, 'Brenigo', '74', 375509, 0.99 );"
"INSERT INTO public.""Employee""(""EmployeeId"", ""LastName"", ""FirstName"", ""Title"", ""ReportsTo"", ""BirthDate"", ""HireDate"", ""Address"", ""City"", ""State"", ""Country"", ""PostalCode"", ""Phone"", ""Fax"", ""Email"")VALUES (31, 'Rordanie', 'Pedrena', 'Food Final', 31, '13-10-1981', NOW(), '11-30 zona 9', '2', '0', 'Guatemala'  , '1360', '46266621', '62801340', 'Martiago@yahoo.com');"
"INSERT INTO public.""Track""(""TrackId"", ""Name"", ""AlbumId"", ""MediaTypeId"", ""GenreId"", ""Composer"", ""Milliseconds"", ""Bytes"", ""UnitPrice"")VALUES ( 32, 'The Other Side',36, 1, 9, 'Jostiago', '145', 375757, 3.96 );"
"INSERT INTO public.""Employee""(""EmployeeId"", ""LastName"", ""FirstName"", ""Title"", ""ReportsTo"", ""BirthDate"", ""HireDate"", ""Address"", ""City"", ""State"", ""Country"", ""PostalCode"", ""Phone"", ""Fax"", ""Email"")VALUES (32, 'Jorfer', 'Jortiago', 'Pure Dispair', 32, '1-9-1973', NOW(), '11-34 zona 15', '9', '8', 'Guatemala'  , '4126', '21301558', '31507554', 'Allos@gmail.com');"
"INSERT INTO public.""Track""(""TrackId"", ""Name"", ""AlbumId"", ""MediaTypeId"", ""GenreId"", ""Composer"", ""Milliseconds"", ""Bytes"", ""UnitPrice"")VALUES ( 33, 'Crazy',54, 1, 14, 'Saniana', '103', 375774, 2.9699999999999998 );"
"INSERT INTO public.""Employee""(""EmployeeId"", ""LastName"", ""FirstName"", ""Title"", ""ReportsTo"", ""BirthDate"", ""HireDate"", ""Address"", ""City"", ""State"", ""Country"", ""PostalCode"", ""Phone"", ""Fax"", ""Email"")VALUES (33, 'Salena', 'Jordon', 'Galaxy Galaxy', 33, '26-1-1971', NOW(), '16-32 zona 3', '2', '7', 'Guatemala'  , '3377', '21608481', '76051221', 'Jortiago@yahoo.com');"
"INSERT INTO public.""Track""(""TrackId"", ""Name"", ""AlbumId"", ""MediaTypeId"", ""GenreId"", ""Composer"", ""Milliseconds"", ""Bytes"", ""UnitPrice"")VALUES ( 34, 'Eat The Rich',51, 4, 6, 'Salnando', '129', 375110, 3.96 );"
"INSERT INTO public.""Employee""(""EmployeeId"", ""LastName"", ""FirstName"", ""Title"", ""ReportsTo"", ""BirthDate"", ""HireDate"", ""Address"", ""City"", ""State"", ""Country"", ""PostalCode"", ""Phone"", ""Fax"", ""Email"")VALUES (34, 'Meltiago', 'Joralita', 'Carl Food', 34, '15-3-1981', NOW(), '16-31 zona 3', '8', '2', 'Guatemala'  , '2660', '60720155', '41142803', 'Salardo@yahoo.com');"
"INSERT INTO public.""Track""(""TrackId"", ""Name"", ""AlbumId"", ""MediaTypeId"", ""GenreId"", ""Composer"", ""Milliseconds"", ""Bytes"", ""UnitPrice"")VALUES ( 35, 'Angel',33, 2, 3, 'Luisdon', '76', 375025, 0.99 );"
"INSERT INTO public.""Employee""(""EmployeeId"", ""LastName"", ""FirstName"", ""Title"", ""ReportsTo"", ""BirthDate"", ""HireDate"", ""Address"", ""City"", ""State"", ""Country"", ""PostalCode"", ""Phone"", ""Fax"", ""Email"")VALUES (35, 'Marena', 'Josmon', 'Nice Ugly', 35, '27-8-1998', NOW(), '18-33 zona 1', '4', '2', 'Guatemala'  , '3682', '40228122', '53086862', 'Salardo@yahoo.com');"
"INSERT INTO public.""Track""(""TrackId"", ""Name"", ""AlbumId"", ""MediaTypeId"", ""GenreId"", ""Composer"", ""Milliseconds"", ""Bytes"", ""UnitPrice"")VALUES ( 36, 'Livin On The Edge',17, 4, 8, 'Gernando', '79', 375971, 2.9699999999999998 );"
"INSERT INTO public.""Employee""(""EmployeeId"", ""LastName"", ""FirstName"", ""Title"", ""ReportsTo"", ""BirthDate"", ""HireDate"", ""Address"", ""City"", ""State"", ""Country"", ""PostalCode"", ""Phone"", ""Fax"", ""Email"")VALUES (36, 'Brenlos', 'Saniana', 'Galaxy Wars', 36, '7-6-1972', NOW(), '19-32 zona 8', '10', '3', 'Guatemala'  , '5406', '56333500', '22265532', 'Alalita@hotmail.com');"
"INSERT INTO public.""Track""(""TrackId"", ""Name"", ""AlbumId"", ""MediaTypeId"", ""GenreId"", ""Composer"", ""Milliseconds"", ""Bytes"", ""UnitPrice"")VALUES ( 37, 'All I Really Want',11, 2, 0, 'Ferena', '95', 375403, 3.96 );"
"INSERT INTO public.""Employee""(""EmployeeId"", ""LastName"", ""FirstName"", ""Title"", ""ReportsTo"", ""BirthDate"", ""HireDate"", ""Address"", ""City"", ""State"", ""Country"", ""PostalCode"", ""Phone"", ""Fax"", ""Email"")VALUES (37, 'Rordigo', 'Geranie', 'Call Call', 37, '9-7-1978', NOW(), '18-32 zona 3', '6', '9', 'Guatemala'  , '7236', '50175058', '13877238', 'Sannando@gmail.com');"
"INSERT INTO public.""Track""(""TrackId"", ""Name"", ""AlbumId"", ""MediaTypeId"", ""GenreId"", ""Composer"", ""Milliseconds"", ""Bytes"", ""UnitPrice"")VALUES ( 38, 'You Oughta Know',29, 1, 14, 'Josnando', '132', 375064, 1.98 );"
"INSERT INTO public.""Employee""(""EmployeeId"", ""LastName"", ""FirstName"", ""Title"", ""ReportsTo"", ""BirthDate"", ""HireDate"", ""Address"", ""City"", ""State"", ""Country"", ""PostalCode"", ""Phone"", ""Fax"", ""Email"")VALUES (38, 'Salfer', 'Josdon', 'House Men', 38, '18-11-1990', NOW(), '16-30 zona 10', '2', '2', 'Guatemala'  , '0767', '17423241', '25475871', 'Saliana@hotmail.com');"
"INSERT INTO public.""Track""(""TrackId"", ""Name"", ""AlbumId"", ""MediaTypeId"", ""GenreId"", ""Composer"", ""Milliseconds"", ""Bytes"", ""UnitPrice"")VALUES ( 39, 'Perfect',61, 0, 9, 'Melardo', '119', 375171, 0.99 );"
"INSERT INTO public.""Employee""(""EmployeeId"", ""LastName"", ""FirstName"", ""Title"", ""ReportsTo"", ""BirthDate"", ""HireDate"", ""Address"", ""City"", ""State"", ""Country"", ""PostalCode"", ""Phone"", ""Fax"", ""Email"")VALUES (39, 'Rordalita', 'Feralita', 'Ugly Call', 39, '25-3-1982', NOW(), '16-30 zona 6', '1', '0', 'Guatemala'  , '4282', '86455446', '78886828', 'Jordon@gmail.com');"
"INSERT INTO public.""Track""(""TrackId"", ""Name"", ""AlbumId"", ""MediaTypeId"", ""GenreId"", ""Composer"", ""Milliseconds"", ""Bytes"", ""UnitPrice"")VALUES ( 40, 'Hand In My Pocket',88, 4, 10, 'Ferigo', '82', 375756, 3.96 );"
"INSERT INTO public.""Employee""(""EmployeeId"", ""LastName"", ""FirstName"", ""Title"", ""ReportsTo"", ""BirthDate"", ""HireDate"", ""Address"", ""City"", ""State"", ""Country"", ""PostalCode"", ""Phone"", ""Fax"", ""Email"")VALUES (40, 'Saleph', 'Pedriana', 'Destroyer Nice', 40, '18-2-1997', NOW(), '11-31 zona 12', '3', '4', 'Guatemala'  , '0117', '50551150', '42820182', 'Joreph@hotmail.com');"
"INSERT INTO public.""Track""(""TrackId"", ""Name"", ""AlbumId"", ""MediaTypeId"", ""GenreId"", ""Composer"", ""Milliseconds"", ""Bytes"", ""UnitPrice"")VALUES ( 41, 'Right Through You',85, 0, 15, 'Salena', '156', 375201, 1.98 );"
"INSERT INTO public.""Employee""(""EmployeeId"", ""LastName"", ""FirstName"", ""Title"", ""ReportsTo"", ""BirthDate"", ""HireDate"", ""Address"", ""City"", ""State"", ""Country"", ""PostalCode"", ""Phone"", ""Fax"", ""Email"")VALUES (41, 'Mardon', 'Marmon', 'Car Solitude', 41, '24-6-1972', NOW(), '17-32 zona 13', '6', '4', 'Guatemala'  , '2686', '72047561', '82724321', 'Meltiago@hotmail.com');"
"INSERT INTO public.""Track""(""TrackId"", ""Name"", ""AlbumId"", ""MediaTypeId"", ""GenreId"", ""Composer"", ""Milliseconds"", ""Bytes"", ""UnitPrice"")VALUES ( 42, 'Forgiven',47, 0, 12, 'Salejandra', '92', 375496, 3.96 );"
"INSERT INTO public.""Employee""(""EmployeeId"", ""LastName"", ""FirstName"", ""Title"", ""ReportsTo"", ""BirthDate"", ""HireDate"", ""Address"", ""City"", ""State"", ""Country"", ""PostalCode"", ""Phone"", ""Fax"", ""Email"")VALUES (42, 'Sanfer', 'Luisalita', 'Monster Grownup', 42, '18-3-1992', NOW(), '22-32 zona 13', '7', '2', 'Guatemala'  , '2518', '25053128', '67116805', 'Rordigo@gmail.com');"
"INSERT INTO public.""Track""(""TrackId"", ""Name"", ""AlbumId"", ""MediaTypeId"", ""GenreId"", ""Composer"", ""Milliseconds"", ""Bytes"", ""UnitPrice"")VALUES ( 43, 'You Learn',41, 3, 10, 'Pedrena', '100', 375322, 1.98 );"
"INSERT INTO public.""Employee""(""EmployeeId"", ""LastName"", ""FirstName"", ""Title"", ""ReportsTo"", ""BirthDate"", ""HireDate"", ""Address"", ""City"", ""State"", ""Country"", ""PostalCode"", ""Phone"", ""Fax"", ""Email"")VALUES (43, 'Marnando', 'Sernando', 'Final Dispair', 43, '18-10-1994', NOW(), '21-32 zona 1', '7', '6', 'Guatemala'  , '6503', '64213435', '65026006', 'Luislos@reddit.com');"
"INSERT INTO public.""Track""(""TrackId"", ""Name"", ""AlbumId"", ""MediaTypeId"", ""GenreId"", ""Composer"", ""Milliseconds"", ""Bytes"", ""UnitPrice"")VALUES ( 44, 'Head Over Feet',87, 3, 2, 'Fereph', '122', 375091, 1.98 );"
"INSERT INTO public.""Employee""(""EmployeeId"", ""LastName"", ""FirstName"", ""Title"", ""ReportsTo"", ""BirthDate"", ""HireDate"", ""Address"", ""City"", ""State"", ""Country"", ""PostalCode"", ""Phone"", ""Fax"", ""Email"")VALUES (44, 'Mariana', 'Ferfer', 'Galaxy Galaxy', 44, '3-8-1973', NOW(), '20-32 zona 2', '8', '7', 'Guatemala'  , '0481', '47032520', '58120450', 'Seranie@yahoo.com');"
"INSERT INTO public.""Track""(""TrackId"", ""Name"", ""AlbumId"", ""MediaTypeId"", ""GenreId"", ""Composer"", ""Milliseconds"", ""Bytes"", ""UnitPrice"")VALUES ( 45, 'Mary Jane',38, 3, 14, 'Geralita', '145', 375343, 2.9699999999999998 );"
"INSERT INTO public.""Employee""(""EmployeeId"", ""LastName"", ""FirstName"", ""Title"", ""ReportsTo"", ""BirthDate"", ""HireDate"", ""Address"", ""City"", ""State"", ""Country"", ""PostalCode"", ""Phone"", ""Fax"", ""Email"")VALUES (45, 'Marfer', 'Serardo', 'Homeless Wars', 45, '16-6-1987', NOW(), '22-34 zona 4', '1', '7', 'Guatemala'  , '0057', '51438585', '42761068', 'Breneph@yahoo.com');"
"INSERT INTO public.""Track""(""TrackId"", ""Name"", ""AlbumId"", ""MediaTypeId"", ""GenreId"", ""Composer"", ""Milliseconds"", ""Bytes"", ""UnitPrice"")VALUES ( 46, 'Ironic',2, 2, 2, 'Gerejandra', '143', 375373, 1.98 );"
"INSERT INTO public.""Employee""(""EmployeeId"", ""LastName"", ""FirstName"", ""Title"", ""ReportsTo"", ""BirthDate"", ""HireDate"", ""Address"", ""City"", ""State"", ""Country"", ""PostalCode"", ""Phone"", ""Fax"", ""Email"")VALUES (46, 'Alalita', 'Almon', 'Chicken Dads', 46, '5-5-1975', NOW(), '24-35 zona 9', '2', '5', 'Guatemala'  , '3357', '10564537', '01128806', 'Breneph@gmail.com');"
"INSERT INTO public.""Track""(""TrackId"", ""Name"", ""AlbumId"", ""MediaTypeId"", ""GenreId"", ""Composer"", ""Milliseconds"", ""Bytes"", ""UnitPrice"")VALUES ( 47, 'Not The Doctor',58, 0, 3, 'Martiago', '115', 375749, 1.98 );"
"INSERT INTO public.""Employee""(""EmployeeId"", ""LastName"", ""FirstName"", ""Title"", ""ReportsTo"", ""BirthDate"", ""HireDate"", ""Address"", ""City"", ""State"", ""Country"", ""PostalCode"", ""Phone"", ""Fax"", ""Email"")VALUES (47, 'Marena', 'Sannando', 'Manly Showdown', 47, '15-4-1989', NOW(), '15-31 zona 4', '2', '2', 'Guatemala'  , '3181', '54363247', '63447164', 'Luisdon@gmail.com');"
"INSERT INTO public.""Track""(""TrackId"", ""Name"", ""AlbumId"", ""MediaTypeId"", ""GenreId"", ""Composer"", ""Milliseconds"", ""Bytes"", ""UnitPrice"")VALUES ( 48, 'Wake Up',8, 0, 5, 'Melardo', '153', 375087, 2.9699999999999998 );"
"INSERT INTO public.""Employee""(""EmployeeId"", ""LastName"", ""FirstName"", ""Title"", ""ReportsTo"", ""BirthDate"", ""HireDate"", ""Address"", ""City"", ""State"", ""Country"", ""PostalCode"", ""Phone"", ""Fax"", ""Email"")VALUES (48, 'Josmon', 'Luiseph', 'Tree Wars', 48, '17-4-1986', NOW(), '22-37 zona 15', '5', '8', 'Guatemala'  , '8055', '77075413', '81744068', 'Jormon@hotmail.com');"
"INSERT INTO public.""Track""(""TrackId"", ""Name"", ""AlbumId"", ""MediaTypeId"", ""GenreId"", ""Composer"", ""Milliseconds"", ""Bytes"", ""UnitPrice"")VALUES ( 49, 'You Oughta Know (Alternate)',65, 0, 13, 'Pedrardo', '98', 375079, 2.9699999999999998 );"
"INSERT INTO public.""Employee""(""EmployeeId"", ""LastName"", ""FirstName"", ""Title"", ""ReportsTo"", ""BirthDate"", ""HireDate"", ""Address"", ""City"", ""State"", ""Country"", ""PostalCode"", ""Phone"", ""Fax"", ""Email"")VALUES (49, 'Geralita', 'Luisdon', 'Pure Dispair', 49, '17-4-1985', NOW(), '18-35 zona 4', '8', '7', 'Guatemala'  , '2576', '56146508', '14026251', 'Ferigo@reddit.com');"
"INSERT INTO public.""Customer""(""CustomerId"", ""FirstName"", ""LastName"", ""Company"", ""Address"", ""City"", ""State"", ""Country"", ""PostalCode"", ""Phone"", ""Fax"", ""Email"", ""SupportRepId"")VALUES (0, 'Ferena', 'Sannando', 'Sallos Co.', '17-35 zona 3', 'Huehuetenango', 'Izabal', 'Guatemala', '70666', '70623626', '13247051', 'Brenfer@gmail.com', '6');"
"INSERT INTO public.""Customer""(""CustomerId"", ""FirstName"", ""LastName"", ""Company"", ""Address"", ""City"", ""State"", ""Country"", ""PostalCode"", ""Phone"", ""Fax"", ""Email"", ""SupportRepId"")VALUES (1, 'Jorigo', 'Gernando', 'Melalita Co.', '21-34 zona 7', 'Coban', 'Chimaltenango', 'Guatemala', '85106', '25388734', '02088846', 'Sannando@yahoo.com', '13');"
"INSERT INTO public.""Customer""(""CustomerId"", ""FirstName"", ""LastName"", ""Company"", ""Address"", ""City"", ""State"", ""Country"", ""PostalCode"", ""Phone"", ""Fax"", ""Email"", ""SupportRepId"")VALUES (2, 'Jostiago', 'Serdon', 'Sanalita Co.', '23-37 zona 7', 'Sacatepéquez', 'Chimaltenango', 'Guatemala', '17338', '20635456', '83821205', 'Geralita@yahoo.com', '20');"
"INSERT INTO public.""Customer""(""CustomerId"", ""FirstName"", ""LastName"", ""Company"", ""Address"", ""City"", ""State"", ""Country"", ""PostalCode"", ""Phone"", ""Fax"", ""Email"", ""SupportRepId"")VALUES (3, 'Gerlos', 'Sanalita', 'Seranie Co.', '14-31 zona 4', 'Retalhuleu', 'Guatemala', 'Guatemala', '41526', '85775378', '47141377', 'Aldon@reddit.com', '42');"
"INSERT INTO public.""Customer""(""CustomerId"", ""FirstName"", ""LastName"", ""Company"", ""Address"", ""City"", ""State"", ""Country"", ""PostalCode"", ""Phone"", ""Fax"", ""Email"", ""SupportRepId"")VALUES (4, 'Alejandra', 'Luisdon', 'Sanigo Co.', '14-34 zona 14', 'Ciudad de Guatemala', 'Chimaltenango', 'Guatemala', '08200', '72617454', '04023813', 'Meldon@hotmail.com', '4');"
"INSERT INTO public.""Customer""(""CustomerId"", ""FirstName"", ""LastName"", ""Company"", ""Address"", ""City"", ""State"", ""Country"", ""PostalCode"", ""Phone"", ""Fax"", ""Email"", ""SupportRepId"")VALUES (5, 'Meldon', 'Jortiago', 'Santiago Co.', '18-31 zona 2', 'Coban', 'Alta Verapaz', 'Guatemala', '07108', '72074723', '63462152', 'Brenlos@gmail.com', '22');"
"INSERT INTO public.""Customer""(""CustomerId"", ""FirstName"", ""LastName"", ""Company"", ""Address"", ""City"", ""State"", ""Country"", ""PostalCode"", ""Phone"", ""Fax"", ""Email"", ""SupportRepId"")VALUES (6, 'Martiago', 'Jortiago', 'Luisalita Co.', '21-32 zona 15', 'Barillas', 'Alta Verapaz', 'Guatemala', '33626', '62428081', '32135345', 'Aleph@gmail.com', '9');"
"INSERT INTO public.""Customer""(""CustomerId"", ""FirstName"", ""LastName"", ""Company"", ""Address"", ""City"", ""State"", ""Country"", ""PostalCode"", ""Phone"", ""Fax"", ""Email"", ""SupportRepId"")VALUES (7, 'Melardo', 'Jormon', 'Josena Co.', '24-36 zona 9', 'Puerto Barrios', 'Guatemala', 'Guatemala', '04750', '57328134', '25508366', 'Alena@hotmail.com', '10');"
"INSERT INTO public.""Customer""(""CustomerId"", ""FirstName"", ""LastName"", ""Company"", ""Address"", ""City"", ""State"", ""Country"", ""PostalCode"", ""Phone"", ""Fax"", ""Email"", ""SupportRepId"")VALUES (8, 'Luismon', 'Josalita', 'Alalita Co.', '19-31 zona 2', 'Coban', 'Esquintla', 'Guatemala', '88778', '08855744', '50258540', 'Josena@hotmail.com', '48');"
"INSERT INTO public.""Customer""(""CustomerId"", ""FirstName"", ""LastName"", ""Company"", ""Address"", ""City"", ""State"", ""Country"", ""PostalCode"", ""Phone"", ""Fax"", ""Email"", ""SupportRepId"")VALUES (9, 'Pedrardo', 'Marlos', 'Melnando Co.', '13-33 zona 14', 'Poptún', 'Alta Verapaz', 'Guatemala', '22274', '08487050', '85823553', 'Breneph@hotmail.com', '34');"
"INSERT INTO public.""Customer""(""CustomerId"", ""FirstName"", ""LastName"", ""Company"", ""Address"", ""City"", ""State"", ""Country"", ""PostalCode"", ""Phone"", ""Fax"", ""Email"", ""SupportRepId"")VALUES (10, 'Almon', 'Almon', 'Pedrardo Co.', '18-30 zona 5', 'Jutiapa', 'El Progreso', 'Guatemala', '13106', '70586223', '34257203', 'Jorigo@hotmail.com', '2');"
"INSERT INTO public.""Customer""(""CustomerId"", ""FirstName"", ""LastName"", ""Company"", ""Address"", ""City"", ""State"", ""Country"", ""PostalCode"", ""Phone"", ""Fax"", ""Email"", ""SupportRepId"")VALUES (11, 'Sannando', 'Ferlos', 'Alanie Co.', '20-35 zona 6', 'Huehuetenango', 'Alta Verapaz', 'Guatemala', '21210', '38333625', '71761425', 'Melardo@reddit.com', '7');"
"INSERT INTO public.""Customer""(""CustomerId"", ""FirstName"", ""LastName"", ""Company"", ""Address"", ""City"", ""State"", ""Country"", ""PostalCode"", ""Phone"", ""Fax"", ""Email"", ""SupportRepId"")VALUES (12, 'Marlos', 'Fermon', 'Rordanie Co.', '16-33 zona 4', 'Teculután', 'El Progreso', 'Guatemala', '66138', '76881285', '05414382', 'Aligo@gmail.com', '15');"
"INSERT INTO public.""Customer""(""CustomerId"", ""FirstName"", ""LastName"", ""Company"", ""Address"", ""City"", ""State"", ""Country"", ""PostalCode"", ""Phone"", ""Fax"", ""Email"", ""SupportRepId"")VALUES (13, 'Marnando', 'Gerfer', 'Seralita Co.', '13-31 zona 5', 'Coban', 'Chimaltenango', 'Guatemala', '40481', '31382378', '31212076', 'Saldon@hotmail.com', '13');"
"INSERT INTO public.""Customer""(""CustomerId"", ""FirstName"", ""LastName"", ""Company"", ""Address"", ""City"", ""State"", ""Country"", ""PostalCode"", ""Phone"", ""Fax"", ""Email"", ""SupportRepId"")VALUES (14, 'Luisigo', 'Joralita', 'Melejandra Co.', '16-30 zona 4', 'Sacatepéquez', 'Guatemala', 'Guatemala', '50051', '50104045', '76420775', 'Pedrejandra@reddit.com', '44');"
"INSERT INTO public.""Customer""(""CustomerId"", ""FirstName"", ""LastName"", ""Company"", ""Address"", ""City"", ""State"", ""Country"", ""PostalCode"", ""Phone"", ""Fax"", ""Email"", ""SupportRepId"")VALUES (15, 'Pedrtiago', 'Melena', 'Rordena Co.', '22-33 zona 10', 'Quetzaltenango', 'Alta Verapaz', 'Guatemala', '44606', '11326350', '08003418', 'Mariana@yahoo.com', '16');"
"INSERT INTO public.""Customer""(""CustomerId"", ""FirstName"", ""LastName"", ""Company"", ""Address"", ""City"", ""State"", ""Country"", ""PostalCode"", ""Phone"", ""Fax"", ""Email"", ""SupportRepId"")VALUES (16, 'Josanie', 'Germon', 'Josena Co.', '20-37 zona 8', 'Barillas', 'Guatemala', 'Guatemala', '20437', '74575207', '23712612', 'Gerena@yahoo.com', '37');"
"INSERT INTO public.""Customer""(""CustomerId"", ""FirstName"", ""LastName"", ""Company"", ""Address"", ""City"", ""State"", ""Country"", ""PostalCode"", ""Phone"", ""Fax"", ""Email"", ""SupportRepId"")VALUES (17, 'Sananie', 'Jorfer', 'Melalita Co.', '23-36 zona 7', 'Escuintla', 'Guatemala', 'Guatemala', '33424', '74780738', '37111861', 'Josena@hotmail.com', '38');"
"INSERT INTO public.""Customer""(""CustomerId"", ""FirstName"", ""LastName"", ""Company"", ""Address"", ""City"", ""State"", ""Country"", ""PostalCode"", ""Phone"", ""Fax"", ""Email"", ""SupportRepId"")VALUES (18, 'Rordanie', 'Melanie', 'Ferigo Co.', '16-35 zona 6', 'Ciudad de Guatemala', 'Alta Verapaz', 'Guatemala', '70828', '67673322', '55034278', 'Luistiago@gmail.com', '8');"
"INSERT INTO public.""Customer""(""CustomerId"", ""FirstName"", ""LastName"", ""Company"", ""Address"", ""City"", ""State"", ""Country"", ""PostalCode"", ""Phone"", ""Fax"", ""Email"", ""SupportRepId"")VALUES (19, 'Gerlos', 'Aldon', 'Meligo Co.', '13-37 zona 8', 'Sacatepéquez', 'Chiquimula', 'Guatemala', '21548', '21664667', '65437372', 'Salejandra@gmail.com', '22');"
"INSERT INTO public.""Customer""(""CustomerId"", ""FirstName"", ""LastName"", ""Company"", ""Address"", ""City"", ""State"", ""Country"", ""PostalCode"", ""Phone"", ""Fax"", ""Email"", ""SupportRepId"")VALUES (20, 'Luislos', 'Luisardo', 'Marena Co.', '19-33 zona 1', 'Sacatepéquez', 'Jutiapa', 'Guatemala', '43804', '00333322', '75701377', 'Rordlos@reddit.com', '4');"
"INSERT INTO public.""Customer""(""CustomerId"", ""FirstName"", ""LastName"", ""Company"", ""Address"", ""City"", ""State"", ""Country"", ""PostalCode"", ""Phone"", ""Fax"", ""Email"", ""SupportRepId"")VALUES (21, 'Pedrtiago', 'Jorejandra', 'Saleph Co.', '17-32 zona 6', 'Barillas', 'Alta Verapaz', 'Guatemala', '66686', '77260276', '18451028', 'Salardo@hotmail.com', '20');"
"INSERT INTO public.""Customer""(""CustomerId"", ""FirstName"", ""LastName"", ""Company"", ""Address"", ""City"", ""State"", ""Country"", ""PostalCode"", ""Phone"", ""Fax"", ""Email"", ""SupportRepId"")VALUES (22, 'Brenardo', 'Marejandra', 'Ferdon Co.', '20-36 zona 9', 'Ciudad de Guatemala', 'Alta Verapaz', 'Guatemala', '06885', '32778730', '81178014', 'Seralita@hotmail.com', '44');"
"INSERT INTO public.""Customer""(""CustomerId"", ""FirstName"", ""LastName"", ""Company"", ""Address"", ""City"", ""State"", ""Country"", ""PostalCode"", ""Phone"", ""Fax"", ""Email"", ""SupportRepId"")VALUES (23, 'Rordlos', 'Pedrtiago', 'Rordanie Co.', '22-35 zona 14', 'Huehuetenango', 'Esquintla', 'Guatemala', '31333', '38883261', '42245478', 'Pedrigo@hotmail.com', '44');"
"INSERT INTO public.""Customer""(""CustomerId"", ""FirstName"", ""LastName"", ""Company"", ""Address"", ""City"", ""State"", ""Country"", ""PostalCode"", ""Phone"", ""Fax"", ""Email"", ""SupportRepId"")VALUES (24, 'Pedrtiago', 'Joslos', 'Pedrfer Co.', '18-31 zona 9', 'Jutiapa', 'Alta Verapaz', 'Guatemala', '80105', '55353485', '21521026', 'Sanfer@yahoo.com', '29');"
"INSERT INTO public.""Customer""(""CustomerId"", ""FirstName"", ""LastName"", ""Company"", ""Address"", ""City"", ""State"", ""Country"", ""PostalCode"", ""Phone"", ""Fax"", ""Email"", ""SupportRepId"")VALUES (25, 'Marmon', 'Sernando', 'Pedrdon Co.', '23-31 zona 2', 'Puerto Barrios', 'Chiquimula', 'Guatemala', '68473', '75474430', '16171062', 'Aliana@gmail.com', '19');"
"INSERT INTO public.""Customer""(""CustomerId"", ""FirstName"", ""LastName"", ""Company"", ""Address"", ""City"", ""State"", ""Country"", ""PostalCode"", ""Phone"", ""Fax"", ""Email"", ""SupportRepId"")VALUES (26, 'Aleph', 'Josiana', 'Salmon Co.', '15-34 zona 6', 'Huehuetenango', 'Jalapa', 'Guatemala', '74587', '78340773', '48515781', 'Alena@yahoo.com', '41');"
"INSERT INTO public.""Customer""(""CustomerId"", ""FirstName"", ""LastName"", ""Company"", ""Address"", ""City"", ""State"", ""Country"", ""PostalCode"", ""Phone"", ""Fax"", ""Email"", ""SupportRepId"")VALUES (27, 'Brenejandra', 'Josmon', 'Salena Co.', '16-31 zona 8', 'Teculután', 'Baja Verapaz', 'Guatemala', '36286', '80612677', '75040427', 'Saniana@hotmail.com', '40');"
"INSERT INTO public.""Customer""(""CustomerId"", ""FirstName"", ""LastName"", ""Company"", ""Address"", ""City"", ""State"", ""Country"", ""PostalCode"", ""Phone"", ""Fax"", ""Email"", ""SupportRepId"")VALUES (28, 'Luisena', 'Germon', 'Sanena Co.', '20-36 zona 3', 'Poptún', 'Chiquimula', 'Guatemala', '50310', '32116748', '05425520', 'Fertiago@yahoo.com', '32');"
"INSERT INTO public.""Customer""(""CustomerId"", ""FirstName"", ""LastName"", ""Company"", ""Address"", ""City"", ""State"", ""Country"", ""PostalCode"", ""Phone"", ""Fax"", ""Email"", ""SupportRepId"")VALUES (29, 'Sannando', 'Sertiago', 'Marigo Co.', '22-32 zona 11', 'Coban', 'Chimaltenango', 'Guatemala', '05228', '07113165', '10102187', 'Serejandra@yahoo.com', '13');"
"INSERT INTO public.""Customer""(""CustomerId"", ""FirstName"", ""LastName"", ""Company"", ""Address"", ""City"", ""State"", ""Country"", ""PostalCode"", ""Phone"", ""Fax"", ""Email"", ""SupportRepId"")VALUES (30, 'Marejandra', 'Jortiago', 'Melejandra Co.', '15-33 zona 13', 'Escuintla', 'Chimaltenango', 'Guatemala', '11833', '41031505', '43206602', 'Gertiago@hotmail.com', '47');"
"INSERT INTO public.""Customer""(""CustomerId"", ""FirstName"", ""LastName"", ""Company"", ""Address"", ""City"", ""State"", ""Country"", ""PostalCode"", ""Phone"", ""Fax"", ""Email"", ""SupportRepId"")VALUES (31, 'Brendon', 'Pedrnando', 'Seriana Co.', '24-31 zona 3', 'Puerto Barrios', 'Esquintla', 'Guatemala', '48576', '51553471', '44516722', 'Serfer@hotmail.com', '28');"
"INSERT INTO public.""Customer""(""CustomerId"", ""FirstName"", ""LastName"", ""Company"", ""Address"", ""City"", ""State"", ""Country"", ""PostalCode"", ""Phone"", ""Fax"", ""Email"", ""SupportRepId"")VALUES (32, 'Martiago', 'Ferardo', 'Melmon Co.', '20-36 zona 11', 'Barillas', 'Jutiapa', 'Guatemala', '46643', '60218376', '23364732', 'Meltiago@reddit.com', '6');"
"INSERT INTO public.""Customer""(""CustomerId"", ""FirstName"", ""LastName"", ""Company"", ""Address"", ""City"", ""State"", ""Country"", ""PostalCode"", ""Phone"", ""Fax"", ""Email"", ""SupportRepId"")VALUES (33, 'Sanfer', 'Melmon', 'Marnando Co.', '15-34 zona 1', 'Quetzaltenango', 'Guatemala', 'Guatemala', '83208', '16035617', '61311126', 'Jorigo@yahoo.com', '36');"
"INSERT INTO public.""Customer""(""CustomerId"", ""FirstName"", ""LastName"", ""Company"", ""Address"", ""City"", ""State"", ""Country"", ""PostalCode"", ""Phone"", ""Fax"", ""Email"", ""SupportRepId"")VALUES (34, 'Salardo', 'Meleph', 'Marfer Co.', '22-36 zona 15', 'Coban', 'Jalapa', 'Guatemala', '36203', '86087100', '46731437', 'Josdon@reddit.com', '9');"
"INSERT INTO public.""Customer""(""CustomerId"", ""FirstName"", ""LastName"", ""Company"", ""Address"", ""City"", ""State"", ""Country"", ""PostalCode"", ""Phone"", ""Fax"", ""Email"", ""SupportRepId"")VALUES (35, 'Brenmon', 'Rordalita', 'Meldon Co.', '20-35 zona 2', 'Poptún', 'Baja Verapaz', 'Guatemala', '12310', '38020816', '73465742', 'Marejandra@hotmail.com', '27');"
"INSERT INTO public.""Customer""(""CustomerId"", ""FirstName"", ""LastName"", ""Company"", ""Address"", ""City"", ""State"", ""Country"", ""PostalCode"", ""Phone"", ""Fax"", ""Email"", ""SupportRepId"")VALUES (36, 'Sananie', 'Ferejandra', 'Brenejandra Co.', '16-32 zona 9', 'Huehuetenango', 'Baja Verapaz', 'Guatemala', '10361', '42325672', '12401223', 'Luisalita@gmail.com', '35');"
"INSERT INTO public.""Customer""(""CustomerId"", ""FirstName"", ""LastName"", ""Company"", ""Address"", ""City"", ""State"", ""Country"", ""PostalCode"", ""Phone"", ""Fax"", ""Email"", ""SupportRepId"")VALUES (37, 'Serfer', 'Sanmon', 'Melfer Co.', '13-32 zona 7', 'Sacatepéquez', 'Guatemala', 'Guatemala', '73075', '87202286', '52830641', 'Brenigo@reddit.com', '18');"
"INSERT INTO public.""Customer""(""CustomerId"", ""FirstName"", ""LastName"", ""Company"", ""Address"", ""City"", ""State"", ""Country"", ""PostalCode"", ""Phone"", ""Fax"", ""Email"", ""SupportRepId"")VALUES (38, 'Pedrena', 'Brenejandra', 'Melejandra Co.', '12-37 zona 7', 'Jutiapa', 'Guatemala', 'Guatemala', '62643', '10476730', '54111284', 'Alalita@gmail.com', '18');"
"INSERT INTO public.""Customer""(""CustomerId"", ""FirstName"", ""LastName"", ""Company"", ""Address"", ""City"", ""State"", ""Country"", ""PostalCode"", ""Phone"", ""Fax"", ""Email"", ""SupportRepId"")VALUES (39, 'Meligo', 'Rordena', 'Pedrmon Co.', '21-33 zona 5', 'Puerto Barrios', 'Izabal', 'Guatemala', '14518', '33122427', '14408323', 'Altiago@reddit.com', '46');"
"INSERT INTO public.""Customer""(""CustomerId"", ""FirstName"", ""LastName"", ""Company"", ""Address"", ""City"", ""State"", ""Country"", ""PostalCode"", ""Phone"", ""Fax"", ""Email"", ""SupportRepId"")VALUES (40, 'Rordardo', 'Feralita', 'Saleph Co.', '15-31 zona 13', 'Ciudad de Guatemala', 'Izabal', 'Guatemala', '52470', '31417841', '88507515', 'Sanfer@gmail.com', '25');"
"INSERT INTO public.""Customer""(""CustomerId"", ""FirstName"", ""LastName"", ""Company"", ""Address"", ""City"", ""State"", ""Country"", ""PostalCode"", ""Phone"", ""Fax"", ""Email"", ""SupportRepId"")VALUES (41, 'Luisfer', 'Jorejandra', 'Sannando Co.', '23-34 zona 12', 'Barillas', 'Izabal', 'Guatemala', '58777', '25801306', '14025518', 'Jorejandra@gmail.com', '27');"
"INSERT INTO public.""Customer""(""CustomerId"", ""FirstName"", ""LastName"", ""Company"", ""Address"", ""City"", ""State"", ""Country"", ""PostalCode"", ""Phone"", ""Fax"", ""Email"", ""SupportRepId"")VALUES (42, 'Saneph', 'Fernando', 'Brendon Co.', '14-31 zona 2', 'Teculután', 'Esquintla', 'Guatemala', '33350', '62655778', '73324086', 'Josnando@reddit.com', '11');"
"INSERT INTO public.""Customer""(""CustomerId"", ""FirstName"", ""LastName"", ""Company"", ""Address"", ""City"", ""State"", ""Country"", ""PostalCode"", ""Phone"", ""Fax"", ""Email"", ""SupportRepId"")VALUES (43, 'Josfer', 'Joslos', 'Pedralita Co.', '19-33 zona 3', 'Barillas', 'Jutiapa', 'Guatemala', '60781', '32535124', '55112288', 'Luislos@reddit.com', '42');"
"INSERT INTO public.""Customer""(""CustomerId"", ""FirstName"", ""LastName"", ""Company"", ""Address"", ""City"", ""State"", ""Country"", ""PostalCode"", ""Phone"", ""Fax"", ""Email"", ""SupportRepId"")VALUES (44, 'Josejandra', 'Joslos', 'Jorfer Co.', '12-31 zona 10', 'Puerto Barrios', 'Esquintla', 'Guatemala', '11230', '77460841', '06542860', 'Melalita@yahoo.com', '31');"
"INSERT INTO public.""Customer""(""CustomerId"", ""FirstName"", ""LastName"", ""Company"", ""Address"", ""City"", ""State"", ""Country"", ""PostalCode"", ""Phone"", ""Fax"", ""Email"", ""SupportRepId"")VALUES (45, 'Pedrardo', 'Jornando', 'Rordfer Co.', '11-37 zona 7', 'Teculután', 'Baja Verapaz', 'Guatemala', '71883', '67141417', '52136335', 'Pedranie@reddit.com', '25');"
"INSERT INTO public.""Customer""(""CustomerId"", ""FirstName"", ""LastName"", ""Company"", ""Address"", ""City"", ""State"", ""Country"", ""PostalCode"", ""Phone"", ""Fax"", ""Email"", ""SupportRepId"")VALUES (46, 'Luiseph', 'Sanalita', 'Brenmon Co.', '18-36 zona 9', 'Ciudad de Guatemala', 'Jutiapa', 'Guatemala', '70532', '42413517', '85487477', 'Luisalita@reddit.com', '42');"
"INSERT INTO public.""Customer""(""CustomerId"", ""FirstName"", ""LastName"", ""Company"", ""Address"", ""City"", ""State"", ""Country"", ""PostalCode"", ""Phone"", ""Fax"", ""Email"", ""SupportRepId"")VALUES (47, 'Altiago', 'Pedrardo', 'Luisejandra Co.', '24-31 zona 15', 'Retalhuleu', 'Alta Verapaz', 'Guatemala', '02100', '64200437', '52861138', 'Alejandra@gmail.com', '28');"
"INSERT INTO public.""Customer""(""CustomerId"", ""FirstName"", ""LastName"", ""Company"", ""Address"", ""City"", ""State"", ""Country"", ""PostalCode"", ""Phone"", ""Fax"", ""Email"", ""SupportRepId"")VALUES (48, 'Josigo', 'Gernando', 'Rordfer Co.', '12-34 zona 6', 'Barillas', 'Baja Verapaz', 'Guatemala', '85626', '26252648', '06537352', 'Joralita@reddit.com', '38');"
"INSERT INTO public.""Customer""(""CustomerId"", ""FirstName"", ""LastName"", ""Company"", ""Address"", ""City"", ""State"", ""Country"", ""PostalCode"", ""Phone"", ""Fax"", ""Email"", ""SupportRepId"")VALUES (49, 'Luisiana', 'Luisiana', 'Alanie Co.', '2